{
    "display": {
      "icon": {
        "id": "minecraft:knowledge_book",
        "components": {
          "minecraft:custom_model_data": 4
        }
      },
      "title": "Minecraft Earth COMPLETE",
      "description": "Collect Every Music Disc From Minecraft Earth",
      "frame": "challenge",
      "show_toast": true,
      "announce_to_chat": true,
      "hidden": true
    },
    "parent": "minecraft:minecraft_earth/obtain_sprouting",
    "criteria": {
      "earth": {
        "trigger": "minecraft:inventory_changed",
        "conditions": {
          "items": [
            {
              "items": "minecraft:music_disc_11",
              "components": {
                "minecraft:custom_model_data": 77,
                "minecraft:jukebox_playable": {
                  "song": "all_the_music:earth"
                }
              }
            }
          ]
        }
      },
      "sprouting": {
        "trigger": "minecraft:inventory_changed",
        "conditions": {
          "items": [
            {
              "items": "minecraft:music_disc_11",
              "components": {
                "minecraft:custom_model_data": 78,
                "minecraft:jukebox_playable": {
                  "song": "all_the_music:sprouting"
                }
              }
            }
          ]
        }
      }
    },
    "rewards": {
      "function": "all_the_music:reward_4",
      "experience": 100
    }
  }
  