{
    "display": {
      "icon": {
        "id": "minecraft:music_disc_ward",
        "count": 1
      },
      "title": "Get Spooky, Get Groovy",
      "description": "Obtain the Music Disc ward",
      "frame": "task",
      "show_toast": true,
      "announce_to_chat": true,
      "hidden": false
    },
    "parent": "minecraft:volume_beta/obtain_strad",
    "criteria": {
      "requirement": {
        "trigger": "minecraft:inventory_changed",
        "conditions": {
          "items": [
            {
              "items": "minecraft:music_disc_ward"
            }
          ]
        }
      }
    }
  }
  