{
    "display": {
      "icon": {
        "id": "minecraft:music_disc_11",
        "count": 1,
        "components": {
          "minecraft:custom_model_data": 9
        }
      },
      "title": "Pans and Math",
      "description": "Obtain the Music Disc Aria Math",
      "frame": "task",
      "show_toast": true,
      "announce_to_chat": true,
      "hidden": false
    },
    "parent": "minecraft:volume_beta/obtain_floating_trees",
    "criteria": {
      "requirement": {
        "trigger": "minecraft:inventory_changed",
        "conditions": {
          "items": [
            {
              "items": "minecraft:music_disc_11",
              "components": {
                "minecraft:custom_model_data": 9,
                "minecraft:jukebox_playable": {"song":"all_the_music:aria_math"}
              }
            }
          ]
        }
      }
    }
  }
  