{
    "display": {
      "icon": {
        "id": "minecraft:music_disc_11",
        "count": 1,
        "components": {
          "minecraft:custom_model_data": 36
        }
      },
      "title": "See You Next Time",
      "description": "Obtain the Music Disc The Into",
      "frame": "task",
      "show_toast": true,
      "announce_to_chat": true,
      "hidden": true
    },
    "parent": "minecraft:volume_beta/obtain_eleven_ost_version",
    "criteria": {
      "requirement": {
        "trigger": "minecraft:inventory_changed",
        "conditions": {
          "items": [
            {
              "items": "minecraft:music_disc_11",
              "components": {
                "minecraft:custom_model_data": 36,
                "minecraft:jukebox_playable": {"song":"all_the_music:intro"}
              }
            }
          ]
        }
      }
    }
  }
  