{
    "display": {
      "icon": {
        "id": "minecraft:music_disc_11",
        "count": 1,
        "components": {
          "minecraft:custom_model_data": 30
        }
      },
      "title": "Not As Spooky",
      "description": "Craft the Music Disc Eleven (OST Version) From 11",
      "frame": "task",
      "show_toast": true,
      "announce_to_chat": true,
      "hidden": false
    },
    "parent": "minecraft:volume_beta/obtain_kyoto",
    "criteria": {
      "requirement": {
        "trigger": "minecraft:inventory_changed",
        "conditions": {
          "items": [
            {
              "items": "minecraft:music_disc_11",
              "components": {
                "minecraft:custom_model_data": 30,
                "minecraft:jukebox_playable": {"song":"all_the_music:eleven_ost_version"}
              }
            }
          ]
        }
      }
    }
  }
  