{
    "display": {
      "icon": {
        "id": "minecraft:knowledge_book",
        "components": {
          "minecraft:custom_model_data": 2
        }
      },
      "title": "Minecraft: Volume Beta COMPLETE",
      "description": "Collect Every Music Disc From Minecraft: Volume Beta",
      "frame": "challenge",
      "show_toast": true,
      "announce_to_chat": true,
      "hidden": true
    },
    "parent": "minecraft:volume_beta/obtain_end",
    "criteria": {
      "alpha": {
        "trigger": "minecraft:inventory_changed",
        "conditions": {
          "items": [
            {
              "items": "minecraft:music_disc_11",
              "components": {
                "minecraft:custom_model_data": 8,
                "minecraft:jukebox_playable": {
                  "song": "all_the_music:alpha"
                }
              }
            }
          ]
        }
      },
      "aria_math": {
        "trigger": "minecraft:inventory_changed",
        "conditions": {
          "items": [
            {
              "items": "minecraft:music_disc_11",
              "components": {
                "minecraft:custom_model_data": 9,
                "minecraft:jukebox_playable": {
                  "song": "all_the_music:aria_math"
                }
              }
            }
          ]
        }
      },
      "chirp": {
        "trigger": "minecraft:inventory_changed",
        "conditions": {
          "items": [
            {
              "items": "minecraft:music_disc_chirp"
            }
          ]
        }
      },
      "wait": {
        "trigger": "minecraft:inventory_changed",
        "conditions": {
          "items": [
            {
              "items": "minecraft:music_disc_wait"
            }
          ]
        }
      },
      "mellohi": {
        "trigger": "minecraft:inventory_changed",
        "conditions": {
          "items": [
            {
              "items": "minecraft:music_disc_mellohi"
            }
          ]
        }
      },
      "stal": {
        "trigger": "minecraft:inventory_changed",
        "conditions": {
          "items": [
            {
              "items": "minecraft:music_disc_stal"
            }
          ]
        }
      },
      "strad": {
        "trigger": "minecraft:inventory_changed",
        "conditions": {
          "items": [
            {
              "items": "minecraft:music_disc_strad"
            }
          ]
        }
      },
      "ward": {
        "trigger": "minecraft:inventory_changed",
        "conditions": {
          "items": [
            {
              "items": "minecraft:music_disc_ward"
            }
          ]
        }
      },
      "mall": {
        "trigger": "minecraft:inventory_changed",
        "conditions": {
          "items": [
            {
              "items": "minecraft:music_disc_mall"
            }
          ]
        }
      },
      "blocks": {
        "trigger": "minecraft:inventory_changed",
        "conditions": {
          "items": [
            {
              "items": "minecraft:music_disc_blocks"
            }
          ]
        }
      },
      "far": {
        "trigger": "minecraft:inventory_changed",
        "conditions": {
          "items": [
            {
              "items": "minecraft:music_disc_far"
            }
          ]
        }
      },
      "ballad_of_the_cats": {
        "trigger": "minecraft:inventory_changed",
        "conditions": {
          "items": [
            {
              "items": "minecraft:music_disc_11",
              "components": {
                "minecraft:custom_model_data": 11,
                "minecraft:jukebox_playable": {
                  "song": "all_the_music:ballad_of_the_cats"
                }
              }
            }
          ]
        }
      },
      "beginning_2": {
        "trigger": "minecraft:inventory_changed",
        "conditions": {
          "items": [
            {
              "items": "minecraft:music_disc_11",
              "components": {
                "minecraft:custom_model_data": 13,
                "minecraft:jukebox_playable": {
                  "song": "all_the_music:beginning_2"
                }
              }
            }
          ]
        }
      },
      "biome_fest": {
        "trigger": "minecraft:inventory_changed",
        "conditions": {
          "items": [
            {
              "items": "minecraft:music_disc_11",
              "components": {
                "minecraft:custom_model_data": 14,
                "minecraft:jukebox_playable": {
                  "song": "all_the_music:biome_fest"
                }
              }
            }
          ]
        }
      },
      "blind_spots": {
        "trigger": "minecraft:inventory_changed",
        "conditions": {
          "items": [
            {
              "items": "minecraft:music_disc_11",
              "components": {
                "minecraft:custom_model_data": 15,
                "minecraft:jukebox_playable": {
                  "song": "all_the_music:blind_spots"
                }
              }
            }
          ]
        }
      },
      "boss": {
        "trigger": "minecraft:inventory_changed",
        "conditions": {
          "items": [
            {
              "items": "minecraft:music_disc_11",
              "components": {
                "minecraft:custom_model_data": 16,
                "minecraft:jukebox_playable": {
                  "song": "all_the_music:boss"
                }
              }
            }
          ]
        }
      },
      "concrete_halls": {
        "trigger": "minecraft:inventory_changed",
        "conditions": {
          "items": [
            {
              "items": "minecraft:music_disc_11",
              "components": {
                "minecraft:custom_model_data": 19,
                "minecraft:jukebox_playable": {
                  "song": "all_the_music:concrete_halls"
                }
              }
            }
          ]
        }
      },
      "dead_voxel": {
        "trigger": "minecraft:inventory_changed",
        "conditions": {
          "items": [
            {
              "items": "minecraft:music_disc_11",
              "components": {
                "minecraft:custom_model_data": 21,
                "minecraft:jukebox_playable": {
                  "song": "all_the_music:dead_voxel"
                }
              }
            }
          ]
        }
      },
      "dreiton": {
        "trigger": "minecraft:inventory_changed",
        "conditions": {
          "items": [
            {
              "items": "minecraft:music_disc_11",
              "components": {
                "minecraft:custom_model_data": 26,
                "minecraft:jukebox_playable": {
                  "song": "all_the_music:dreiton"
                }
              }
            }
          ]
        }
      },
      "eleven_ost_version": {
        "trigger": "minecraft:inventory_changed",
        "conditions": {
          "items": [
            {
              "items": "minecraft:music_disc_11",
              "components": {
                "minecraft:custom_model_data": 30,
                "minecraft:jukebox_playable": {
                  "song": "all_the_music:eleven_ost_version"
                }
              }
            }
          ]
        }
      },
      "flake": {
        "trigger": "minecraft:inventory_changed",
        "conditions": {
          "items": [
            {
              "items": "minecraft:music_disc_11",
              "components": {
                "minecraft:custom_model_data": 32,
                "minecraft:jukebox_playable": {
                  "song": "all_the_music:flake"
                }
              }
            }
          ]
        }
      },
      "floating_trees": {
        "trigger": "minecraft:inventory_changed",
        "conditions": {
          "items": [
            {
              "items": "minecraft:music_disc_11",
              "components": {
                "minecraft:custom_model_data": 33,
                "minecraft:jukebox_playable": {
                  "song": "all_the_music:floating_trees"
                }
              }
            }
          ]
        }
      },
      "haunt_muskie": {
        "trigger": "minecraft:inventory_changed",
        "conditions": {
          "items": [
            {
              "items": "minecraft:music_disc_11",
              "components": {
                "minecraft:custom_model_data": 35,
                "minecraft:jukebox_playable": {
                  "song": "all_the_music:haunt_muskie"
                }
              }
            }
          ]
        }
      },
      "intro": {
        "trigger": "minecraft:inventory_changed",
        "conditions": {
          "items": [
            {
              "items": "minecraft:music_disc_11",
              "components": {
                "minecraft:custom_model_data": 36,
                "minecraft:jukebox_playable": {
                  "song": "all_the_music:intro"
                }
              }
            }
          ]
        }
      },
      "ki": {
        "trigger": "minecraft:inventory_changed",
        "conditions": {
          "items": [
            {
              "items": "minecraft:music_disc_11",
              "components": {
                "minecraft:custom_model_data": 38,
                "minecraft:jukebox_playable": {
                  "song": "all_the_music:ki"
                }
              }
            }
          ]
        }
      },
      "kyoto": {
        "trigger": "minecraft:inventory_changed",
        "conditions": {
          "items": [
            {
              "items": "minecraft:music_disc_11",
              "components": {
                "minecraft:custom_model_data": 39,
                "minecraft:jukebox_playable": {
                  "song": "all_the_music:kyoto"
                }
              }
            }
          ]
        }
      },
      "moog_city_2": {
        "trigger": "minecraft:inventory_changed",
        "conditions": {
          "items": [
            {
              "items": "minecraft:music_disc_11",
              "components": {
                "minecraft:custom_model_data": 44,
                "minecraft:jukebox_playable": {
                  "song": "all_the_music:moog_city_2"
                }
              }
            }
          ]
        }
      },
      "mutation": {
        "trigger": "minecraft:inventory_changed",
        "conditions": {
          "items": [
            {
              "items": "minecraft:music_disc_11",
              "components": {
                "minecraft:custom_model_data": 45,
                "minecraft:jukebox_playable": {
                  "song": "all_the_music:mutation"
                }
              }
            }
          ]
        }
      },
      "taswell": {
        "trigger": "minecraft:inventory_changed",
        "conditions": {
          "items": [
            {
              "items": "minecraft:music_disc_11",
              "components": {
                "minecraft:custom_model_data": 51,
                "minecraft:jukebox_playable": {
                  "song": "all_the_music:taswell"
                }
              }
            }
          ]
        }
      },
      "the_end": {
        "trigger": "minecraft:inventory_changed",
        "conditions": {
          "items": [
            {
              "items": "minecraft:music_disc_11",
              "components": {
                "minecraft:custom_model_data": 52,
                "minecraft:jukebox_playable": {
                  "song": "all_the_music:the_end"
                }
              }
            }
          ]
        }
      },
      "warmth": {
        "trigger": "minecraft:inventory_changed",
        "conditions": {
          "items": [
            {
              "items": "minecraft:music_disc_11",
              "components": {
                "minecraft:custom_model_data": 53,
                "minecraft:jukebox_playable": {
                  "song": "all_the_music:warmth"
                }
              }
            }
          ]
        }
      },
      "calm4_ogg": {
        "trigger": "minecraft:inventory_changed",
        "conditions": {
          "items": [
            {
              "items": "minecraft:music_disc_11",
              "components": {
                "minecraft:custom_model_data": 76,
                "minecraft:jukebox_playable": {
                  "song": "all_the_music:calm4_ogg"
                }
              }
            }
          ]
        }
      }
    },
    "rewards": {
      "function": "all_the_music:reward_2",
      "experience": 100
    }
  }
  