{
    "display": {
      "icon": {
        "id": "minecraft:knowledge_book",
        "components": {
          "minecraft:custom_model_data": 3
        }
      },
      "title": "Minecraft Update Aquatic COMPLETE",
      "description": "Collect Every Music Disc from Minecraft Update Aquatic",
      "frame": "challenge",
      "show_toast": true,
      "announce_to_chat": true,
      "hidden": true
    },
    "parent": "minecraft:update_aquatic/obtain_shuniji",
    "criteria": {
      "axolotl": {
        "trigger": "minecraft:inventory_changed",
        "conditions": {
          "items": [
            {
              "items": "minecraft:music_disc_11",
              "components": {
                "minecraft:custom_model_data": 10,
                "minecraft:jukebox_playable": {
                  "song": "all_the_music:axolotl"
                }
              }
            }
          ]
        }
      },
      "dragon_fish": {
        "trigger": "minecraft:inventory_changed",
        "conditions": {
          "items": [
            {
              "items": "minecraft:music_disc_11",
              "components": {
                "minecraft:jukebox_playable": {
                  "song": "all_the_music:dragon_fish"
                },
                "minecraft:custom_model_data": 25
              }
            }
          ]
        }
      },
      "shuniji": {
        "trigger": "minecraft:inventory_changed",
        "conditions": {
          "items": [
            {
              "components": {
                "minecraft:custom_model_data": 48,
                "minecraft:jukebox_playable": {
                  "song": "all_the_music:shuniji"
                }
              }
            }
          ]
        }
      }
    },
    "rewards": {
      "function": "all_the_music:reward_3",
      "experience": 100
    }
  }
  