{
    "type": "minecraft:chest",
    "pools": [
      {
        "bonus_rolls": 0.0,
        "entries": [
          {
            "type": "minecraft:item",
            "functions": [
              {
                "add": false,
                "count": {
                  "type": "minecraft:uniform",
                  "max": 3.0,
                  "min": 1.0
                },
                "function": "minecraft:set_count"
              }
            ],
            "name": "minecraft:emerald",
            "weight": 125
          },
          {
            "type": "minecraft:item",
            "functions": [
              {
                "add": false,
                "count": {
                  "type": "minecraft:uniform",
                  "max": 8.0,
                  "min": 2.0
                },
                "function": "minecraft:set_count"
              }
            ],
            "name": "minecraft:arrow",
            "weight": 100
          },
          {
            "type": "minecraft:item",
            "functions": [
              {
                "add": false,
                "count": {
                  "type": "minecraft:uniform",
                  "max": 2.0,
                  "min": 1.0
                },
                "function": "minecraft:set_count"
              }
            ],
            "name": "minecraft:iron_ingot",
            "weight": 100
          },
          {
            "type": "minecraft:item",
            "functions": [
              {
                "add": false,
                "count": 1.0,
                "function": "minecraft:set_count"
              }
            ],
            "name": "minecraft:trial_key",
            "weight": 10
          },
          {
            "type": "minecraft:item",
            "name": "minecraft:music_disc_creator_music_box",
            "weight": 5
          },
          {
            "type": "minecraft:item",
            "name": "minecraft:music_disc_stal",
            "weight": 5
          },
          {
            "type": "minecraft:item",
            "name": "minecraft:music_disc_strad",
            "weight": 5
          },
          {
            "type":"minecraft:item",
            "name":"minecraft:music_disc_11",
            "weight":5,
            "functions":[
                {
                    "function": "minecraft:set_components",
                    "components": {
                        "minecraft:custom_model_data": 5
                    }
                },
                {
                    "function":"minecraft:set_components",
                    "components":{
                        "minecraft:jukebox_playable": {"song":"all_the_music:featherfall"}
                    }
                }
            ]
          },
          {
            "type":"minecraft:item",
            "name":"minecraft:music_disc_11",
            "weight":5,
            "functions":[
                {
                    "function": "minecraft:set_components",
                    "components": {
                        "minecraft:custom_model_data": 58
                    }
                },
                {
                    "function":"minecraft:set_components",
                    "components":{
                        "minecraft:jukebox_playable": {"song":"all_the_music:komorebi"}
                    }
                }
            ]
          },
          {
            "type":"minecraft:item",
            "name":"minecraft:music_disc_11",
            "weight":5,
            "functions":[
                {
                    "function": "minecraft:set_components",
                    "components": {
                        "minecraft:custom_model_data": 64
                    }
                },
                {
                    "function":"minecraft:set_components",
                    "components":{
                        "minecraft:jukebox_playable": {"song":"all_the_music:deeper"}
                    }
                }
            ]
          },
          {
            "type": "minecraft:item",
            "functions": [
              {
                "add": false,
                "count": {
                  "type": "minecraft:uniform",
                  "max": 2.0,
                  "min": 1.0
                },
                "function": "minecraft:set_count"
              }
            ],
            "name": "minecraft:diamond",
            "weight": 5
          },
          {
            "type": "minecraft:item",
            "functions": [
              {
                "add": false,
                "count": 1.0,
                "function": "minecraft:set_count"
              }
            ],
            "name": "minecraft:emerald_block",
            "weight": 5
          },
          {
            "type": "minecraft:item",
            "functions": [
              {
                "add": false,
                "count": 1.0,
                "function": "minecraft:set_count"
              }
            ],
            "name": "minecraft:diamond_block"
          }
        ],
        "rolls": 1.0
      }
    ],
    "random_sequence": "minecraft:pots/trial_chambers/corridor"
  }