{
    "display": {
      "icon": {
        "id": "minecraft:music_disc_creator_music_box",
        "count": 1
      },
      "title": "Tears Of The Kingdom: All 255 Link Sounds",
      "description": "Obtain the Music Disc Creator (Music Box)",
      "frame": "task",
      "show_toast": true,
      "announce_to_chat": true,
      "hidden": false
    },
    "parent": "minecraft:tricky_trials/obtain_creator",
    "criteria": {
      "requirement": {
        "trigger": "minecraft:inventory_changed",
        "conditions": {
          "items": [
            {
              "items": "minecraft:music_disc_creator_music_box"
            }
          ]
        }
      }
    }
  }
  