{
    "display": {
      "icon": {
        "id": "minecraft:music_disc_precipice",
        "count": 1
      },
      "title": "Don't Stop, Make It Pop, DJ Blow My Speakers Up",
      "description": "Obtain the Music Disc Precipice",
      "frame": "task",
      "show_toast": true,
      "announce_to_chat": true,
      "hidden": false
    },
    "parent": "minecraft:tricky_trials/root",
    "criteria": {
      "requirement": {
        "trigger": "minecraft:inventory_changed",
        "conditions": {
          "items": [
            {
              "items": "minecraft:music_disc_precipice"
            }
          ]
        }
      }
    }
  }
  