{
    "display": {
      "icon": {
        "id": "minecraft:knowledge_book",
        "count": 1,
        "components": {
          "minecraft:custom_model_data": 11
        }
      },
      "title": "Minecraft Tricky Trials",
      "description": "Songs to Run Through the Trial Chambers With",
      "background": "minecraft:textures/block/chiseled_tuff_bricks_top.png",
      "frame": "task",
      "show_toast": false,
      "announce_to_chat": false
    },
    "criteria": {
      "requirement": {
        "trigger": "minecraft:inventory_changed",
        "conditions": {
          "items": [
            {
              "items": "minecraft:crafting_table"
            }
          ]
        }
      }
    }
  }
  