{
    "display": {
      "icon": {
        "id": "minecraft:knowledge_book",
        "components": {
          "minecraft:custom_model_data": 11
        }
      },
      "title": "Minecraft Tricky Trials COMPLETE",
      "description": "Collect Every Music Disc From Minecraft Tricky Trials",
      "frame": "challenge",
      "show_toast": true,
      "announce_to_chat": true,
      "hidden": true
    },
    "parent": "minecraft:tricky_trials/obtain_precipice",
    "criteria": {
      "deeper": {
        "trigger": "minecraft:inventory_changed",
        "conditions": {
          "items": [
            {
              "items": "minecraft:music_disc_11",
              "components": {
                "minecraft:custom_model_data": 64,
                "minecraft:jukebox_playable": {
                  "song": "all_the_music:deeper"
                }
              }
            }
          ]
        }
      },
      "eld_unknown": {
        "trigger": "minecraft:inventory_changed",
        "conditions": {
          "items": [
            {
              "items": "minecraft:music_disc_11",
              "components": {
                "minecraft:custom_model_data": 65,
                "minecraft:jukebox_playable": {
                  "song": "all_the_music:eld_unknown"
                }
              }
            }
          ]
        }
      },
      "creator": {
        "trigger": "minecraft:inventory_changed",
        "conditions": {
          "items": [
            {
              "items": "minecraft:music_disc_creator"
            }
          ]
        }
      },
      "creator_music_box": {
        "trigger": "minecraft:inventory_changed",
        "conditions": {
          "items": [
            {
              "items": "minecraft:music_disc_creator_music_box"
            }
          ]
        }
      },
      "precipice": {
        "trigger": "minecraft:inventory_changed",
        "conditions": {
          "items": [
            {
              "items": "minecraft:music_disc_precipice"
            }
          ]
        }
      },
      "endless": {
        "trigger": "minecraft:inventory_changed",
        "conditions": {
          "items": [
            {
              "items": "minecraft:music_disc_11",
              "components": {
                "minecraft:custom_model_data": 66,
                "minecraft:jukebox_playable": {
                  "song": "all_the_music:endless"
                }
              }
            }
          ]
        }
      },
      "komorebi": {
        "trigger": "minecraft:inventory_changed",
        "conditions": {
          "items": [
            {
              "items": "minecraft:music_disc_11",
              "components": {
                "minecraft:custom_model_data": 58,
                "minecraft:jukebox_playable": {
                  "song": "all_the_music:komorebi"
                }
              }
            }
          ]
        }
      },
      "pokopoko": {
        "trigger": "minecraft:inventory_changed",
        "conditions": {
          "items": [
            {
              "items": "minecraft:music_disc_11",
              "components": {
                "minecraft:custom_model_data": 59,
                "minecraft:jukebox_playable": {
                  "song": "all_the_music:pokopoko"
                }
              }
            }
          ]
        }
      },
      "yakusoku": {
        "trigger": "minecraft:inventory_changed",
        "conditions": {
          "items": [
            {
              "items": "minecraft:music_disc_11",
              "components": {
                "minecraft:custom_model_data": 60,
                "minecraft:jukebox_playable": {
                  "song": "all_the_music:yakusoku"
                }
              }
            }
          ]
        }
      },
      "featherfall": {
        "trigger": "minecraft:inventory_changed",
        "conditions": {
          "items": [
            {
              "items": "minecraft:music_disc_11",
              "components": {
                "minecraft:custom_model_data": 5,
                "minecraft:jukebox_playable": {
                  "song": "all_the_music:featherfall"
                }
              }
            }
          ]
        }
      },
      "puzzlebox": {
        "trigger": "minecraft:inventory_changed",
        "conditions": {
          "items": [
            {
              "items": "minecraft:music_disc_11",
              "components": {
                "minecraft:custom_model_data": 6,
                "minecraft:jukebox_playable": {
                  "song": "all_the_music:puzzlebox"
                }
              }
            }
          ]
        }
      },
      "watcher": {
        "trigger": "minecraft:inventory_changed",
        "conditions": {
          "items": [
            {
              "items": "minecraft:music_disc_11",
              "components": {
                "minecraft:custom_model_data": 7,
                "minecraft:jukebox_playable": {
                  "song": "all_the_music:watcher"
                }
              }
            }
          ]
        }
      }
    },
    "rewards": {
      "function": "all_the_music:reward_11",
      "experience": 100
    }
  }
  