{
  "type": "minecraft:crafting_shaped",
  "pattern": [
    "iiS",
    "iGi",
    "III"
  ],
  "key": {
    "i": {
      "item": "minecraft:iron_ingot"
    },
    "S": {
      "item": "minecraft:stone_button"
    },
    "G": {
      "item": "minecraft:glass"
    },
    "I": {
      "item": "minecraft:iron_block"
    }
  },
  "result": {
    "id": "minecraft:warped_fungus_on_a_stick",
    "count": 1,
    "components": {
      "minecraft:custom_model_data": 1400,
      "minecraft:custom_data": "{camera_item:1b}",
      "minecraft:item_name": "{\"color\":\"gray\",\"italic\":false,\"text\":\"Camera\"}"
    }
  }
}
