{
    "display": {
      "icon": {
        "id": "minecraft:music_disc_11",
        "count": 1,
        "components": {
          "minecraft:custom_model_data": 50
        }
      },
      "title": "Målet uppnått!",
      "description": "Skaffa Musikskivan Sverige",
      "frame": "task",
      "show_toast": true,
      "announce_to_chat": true,
      "hidden": false
    },
    "parent": "minecraft:volume_alpha/obtain_clark",
    "criteria": {
      "requirement": {
        "trigger": "minecraft:inventory_changed",
        "conditions": {
          "items": [
            {
              "items": "minecraft:music_disc_11",
              "components": {
                "minecraft:custom_model_data": 50,
                "minecraft:jukebox_playable": {"song":"all_the_music:sweden"}
              }
            }
          ]
        }
      }
    }
  }
  