{
    "display": {
      "icon": {
        "id": "minecraft:music_disc_cat",
        "count": 1
      },
      "title": "Uhh Meow?",
      "description": "Obtain the Music Disc Cat",
      "frame": "task",
      "show_toast": true,
      "announce_to_chat": true,
      "hidden": false
    },
    "parent": "minecraft:volume_alpha/obtain_13",
    "criteria": {
      "requirement": {
        "trigger": "minecraft:inventory_changed",
        "conditions": {
          "items": [
            {
              "items": "minecraft:music_disc_cat"
            }
          ]
        }
      }
    }
  }
  