{
    "display": {
      "icon": {
        "id": "minecraft:music_disc_11",
        "count": 1,
        "components": {
          "minecraft:custom_model_data": 29
        }
      },
      "title": "They Better Be",
      "description": "Obtain the Music Disc Dry Hands",
      "frame": "task",
      "show_toast": true,
      "announce_to_chat": true,
      "hidden": false
    },
    "parent": "minecraft:volume_alpha/obtain_mice_on_venus",
    "criteria": {
      "requirement": {
        "trigger": "minecraft:inventory_changed",
        "conditions": {
          "items": [
            {
              "items": "minecraft:music_disc_11",
              "components": {
                "minecraft:custom_model_data": 29,
                "minecraft:jukebox_playable": {"song":"all_the_music:dry_hands"}
              }
            }
          ]
        }
      }
    }
  }