{
  "display": {
    "icon": {
      "id": "minecraft:knowledge_book",
      "count": 1,
      "components": {
        "minecraft:custom_model_data": 1
      }
    },
    "title": "Minecraft: Volume Alpha",
    "description": "Songs from a more simple time",
    "background": "minecraft:textures/block/dirt.png",
    "frame": "task",
    "show_toast": false,
    "announce_to_chat": false
  },
  "criteria": {
    "requirement": {
      "trigger": "minecraft:inventory_changed",
      "conditions": {
        "items": [
          {
            "items": "minecraft:crafting_table"
          }
        ]
      }
    }
  }
}
