{
    "display": {
      "icon": {
        "id": "minecraft:knowledge_book",
        "components": {
          "minecraft:custom_model_data": 1
        }
      },
      "title": "Minecraft: Volume Alpha COMPLETE",
      "description": "Collect Every Music Disc From Minecraft: Volume Alpha",
      "frame": "challenge",
      "show_toast": true,
      "announce_to_chat": true,
      "hidden": true
    },
    "parent": "minecraft:volume_alpha/obtain_cat",
    "criteria": {
      "door": {
        "trigger": "minecraft:inventory_changed",
        "conditions": {
          "items": [
            {
              "items": "minecraft:music_disc_11",
              "components": {
                "minecraft:custom_model_data": 24,
                "minecraft:jukebox_playable": {
                  "song": "all_the_music:door"
                }
              }
            }
          ]
        }
      },
      "key": {
        "trigger": "minecraft:inventory_changed",
        "conditions": {
          "items": [
            {
              "items": "minecraft:music_disc_11",
              "components": {
                "minecraft:custom_model_data": 37,
                "minecraft:jukebox_playable": {
                  "song": "all_the_music:key"
                }
              }
            }
          ]
        }
      },
      "cat": {
        "trigger": "minecraft:inventory_changed",
        "conditions": {
          "items": [
            {
              "items": "minecraft:music_disc_cat"
            }
          ]
        }
      },
      "13": {
        "trigger": "minecraft:inventory_changed",
        "conditions": {
          "items": [
            {
              "items": "minecraft:music_disc_13"
            }
          ]
        }
      },
      "subwoofer_lullaby": {
        "trigger": "minecraft:inventory_changed",
        "conditions": {
          "items": [
            {
              "items": "minecraft:music_disc_11",
              "components": {
                "minecraft:custom_model_data": 49,
                "minecraft:jukebox_playable": {
                  "song": "all_the_music:subwoofer_lullaby"
                }
              }
            }
          ]
        }
      },
      "death": {
        "trigger": "minecraft:inventory_changed",
        "conditions": {
          "items": [
            {
              "items": "minecraft:music_disc_11",
              "components": {
                "minecraft:custom_model_data": 22,
                "minecraft:jukebox_playable": {
                  "song": "all_the_music:death"
                }
              }
            }
          ]
        }
      },
      "living_mice": {
        "trigger": "minecraft:inventory_changed",
        "conditions": {
          "items": [
            {
              "items": "minecraft:music_disc_11",
              "components": {
                "minecraft:custom_model_data": 40,
                "minecraft:jukebox_playable": {
                  "song": "all_the_music:living_mice"
                }
              }
            }
          ]
        }
      },
      "moog_city": {
        "trigger": "minecraft:inventory_changed",
        "conditions": {
          "items": [
            {
              "items": "minecraft:music_disc_11",
              "components": {
                "minecraft:custom_model_data": 43,
                "minecraft:jukebox_playable": {
                  "song": "all_the_music:moog_city"
                }
              }
            }
          ]
        }
      },
      "minecraft": {
        "trigger": "minecraft:inventory_changed",
        "conditions": {
          "items": [
            {
              "items": "minecraft:music_disc_11",
              "components": {
                "minecraft:custom_model_data": 42,
                "minecraft:jukebox_playable": {
                  "song": "all_the_music:minecraft"
                }
              }
            }
          ]
        }
      },
      "haggstorm": {
        "trigger": "minecraft:inventory_changed",
        "conditions": {
          "items": [
            {
              "items": "minecraft:music_disc_11",
              "components": {
                "minecraft:custom_model_data": 34,
                "minecraft:jukebox_playable": {
                  "song": "all_the_music:haggstorm"
                }
              }
            }
          ]
        }
      },
      "equinoxe": {
        "trigger": "minecraft:inventory_changed",
        "conditions": {
          "items": [
            {
              "items": "minecraft:music_disc_11",
              "components": {
                "minecraft:custom_model_data": 47,
                "minecraft:jukebox_playable": {
                  "song": "all_the_music:equinoxe"
                }
              }
            }
          ]
        }
      },
      "oxygene": {
        "trigger": "minecraft:inventory_changed",
        "conditions": {
          "items": [
            {
              "items": "minecraft:music_disc_11",
              "components": {
                "minecraft:custom_model_data": 46,
                "minecraft:jukebox_playable": {
                  "song": "all_the_music:oxygene"
                }
              }
            }
          ]
        }
      },
      "mice_on_venus": {
        "trigger": "minecraft:inventory_changed",
        "conditions": {
          "items": [
            {
              "items": "minecraft:music_disc_11",
              "components": {
                "minecraft:custom_model_data": 41,
                "minecraft:jukebox_playable": {
                  "song": "all_the_music:mice_on_venus"
                }
              }
            }
          ]
        }
      },
      "dry_hands": {
        "trigger": "minecraft:inventory_changed",
        "conditions": {
          "items": [
            {
              "items": "minecraft:music_disc_11",
              "components": {
                "minecraft:custom_model_data": 29,
                "minecraft:jukebox_playable": {
                  "song": "all_the_music:dry_hands"
                }
              }
            }
          ]
        }
      },
      "wet_hands": {
        "trigger": "minecraft:inventory_changed",
        "conditions": {
          "items": [
            {
              "items": "minecraft:music_disc_11",
              "components": {
                "minecraft:custom_model_data": 54,
                "minecraft:jukebox_playable": {
                  "song": "all_the_music:wet_hands"
                }
              }
            }
          ]
        }
      },
      "chris": {
        "trigger": "minecraft:inventory_changed",
        "conditions": {
          "items": [
            {
              "items": "minecraft:music_disc_11",
              "components": {
                "minecraft:custom_model_data": 17,
                "minecraft:jukebox_playable": {
                  "song": "all_the_music:chris"
                }
              }
            }
          ]
        }
      },
      "excuse": {
        "trigger": "minecraft:inventory_changed",
        "conditions": {
          "items": [
            {
              "items": "minecraft:music_disc_11",
              "components": {
                "minecraft:custom_model_data": 31,
                "minecraft:jukebox_playable": {
                  "song": "all_the_music:excuse"
                }
              }
            }
          ]
        }
      },
      "sweden": {
        "trigger": "minecraft:inventory_changed",
        "conditions": {
          "items": [
            {
              "items": "minecraft:music_disc_11",
              "components": {
                "minecraft:custom_model_data": 50,
                "minecraft:jukebox_playable": {
                  "song": "all_the_music:sweden"
                }
              }
            }
          ]
        }
      },
      "danny": {
        "trigger": "minecraft:inventory_changed",
        "conditions": {
          "items": [
            {
              "items": "minecraft:music_disc_11",
              "components": {
                "minecraft:custom_model_data": 20,
                "minecraft:jukebox_playable": {
                  "song": "all_the_music:danny"
                }
              }
            }
          ]
        }
      },
      "dog": {
        "trigger": "minecraft:inventory_changed",
        "conditions": {
          "items": [
            {
              "items": "minecraft:music_disc_11",
              "components": {
                "minecraft:custom_model_data": 23,
                "minecraft:jukebox_playable": {
                  "song": "all_the_music:dog"
                }
              }
            }
          ]
        }
      },
      "beginning": {
        "trigger": "minecraft:inventory_changed",
        "conditions": {
          "items": [
            {
              "items": "minecraft:music_disc_11",
              "components": {
                "minecraft:custom_model_data": 12,
                "minecraft:jukebox_playable": {
                  "song": "all_the_music:beginning"
                }
              }
            }
          ]
        }
      },
      "droopy_likes_ricochet": {
        "trigger": "minecraft:inventory_changed",
        "conditions": {
          "items": [
            {
              "items": "minecraft:music_disc_11",
              "components": {
                "minecraft:custom_model_data": 27,
                "minecraft:jukebox_playable": {
                  "song": "all_the_music:droopy_likes_ricochet"
                }
              }
            }
          ]
        }
      },
      "droopy_likes_your_face": {
        "trigger": "minecraft:inventory_changed",
        "conditions": {
          "items": [
            {
              "items": "minecraft:music_disc_11",
              "components": {
                "minecraft:custom_model_data": 28,
                "minecraft:jukebox_playable": {
                  "song": "all_the_music:droopy_likes_your_face"
                }
              }
            }
          ]
        }
      }
    },
    "rewards": {
      "function": "all_the_music:reward_1",
      "experience": 100
    }
  }
  