{
    "display": {
      "icon": {
        "id": "minecraft:knowledge_book",
        "components": {
          "minecraft:custom_model_data": 9
        }
      },
      "title": "Minecraft Legends COMPLETE",
      "description": "Collect Every Music Disc From Minecraft Legends",
      "frame": "challenge",
      "show_toast": true,
      "announce_to_chat": true,
      "hidden": true
    },
    "parent": "minecraft:minecraft_legends/obtain_porcus_humungous",
    "criteria": {
      "the_coming_war": {
        "trigger": "minecraft:inventory_changed",
        "conditions": {
          "items": [
            {
              "items": "minecraft:music_disc_11",
              "components": {
                "minecraft:custom_model_data": 88,
                "minecraft:jukebox_playable": {
                  "song": "all_the_music:the_coming_war"
                }
              }
            }
          ]
        }
      },
      "a_time_of_legends": {
        "trigger": "minecraft:inventory_changed",
        "conditions": {
          "items": [
            {
              "items": "minecraft:music_disc_11",
              "components": {
                "minecraft:custom_model_data": 86,
                "minecraft:jukebox_playable": {
                  "song": "all_the_music:a_time_of_legends"
                }
              }
            }
          ]
        }
      },
      "a_call_to_action": {
        "trigger": "minecraft:inventory_changed",
        "conditions": {
          "items": [
            {
              "items": "minecraft:music_disc_11",
              "components": {
                "minecraft:custom_model_data": 87,
                "minecraft:jukebox_playable": {
                  "song": "all_the_music:a_call_to_action"
                }
              }
            }
          ]
        }
      },
      "preparations": {
        "trigger": "minecraft:inventory_changed",
        "conditions": {
          "items": [
            {
              "items": "minecraft:music_disc_11",
              "components": {
                "minecraft:custom_model_data": 89,
                "minecraft:jukebox_playable": {
                  "song": "all_the_music:preparations"
                }
              }
            }
          ]
        }
      },
      "the_well_of_fate": {
        "trigger": "minecraft:inventory_changed",
        "conditions": {
          "items": [
            {
              "items": "minecraft:music_disc_11",
              "components": {
                "minecraft:custom_model_data": 90,
                "minecraft:jukebox_playable": {
                  "song": "all_the_music:the_well_of_fate"
                }
              }
            }
          ]
        }
      },
      "cliffs_and_canyons": {
        "trigger": "minecraft:inventory_changed",
        "conditions": {
          "items": [
            {
              "items": "minecraft:music_disc_11",
              "components": {
                "minecraft:custom_model_data": 91,
                "minecraft:jukebox_playable": {
                  "song": "all_the_music:cliffs_and_canyons"
                }
              }
            }
          ]
        }
      },
      "broken_shadows": {
        "trigger": "minecraft:inventory_changed",
        "conditions": {
          "items": [
            {
              "items": "minecraft:music_disc_11",
              "components": {
                "minecraft:custom_model_data": 92,
                "minecraft:jukebox_playable": {
                  "song": "all_the_music:broken_shadows"
                }
              }
            }
          ]
        }
      },
      "secrets_in_the_forest": {
        "trigger": "minecraft:inventory_changed",
        "conditions": {
          "items": [
            {
              "items": "minecraft:music_disc_11",
              "components": {
                "minecraft:custom_model_data": 93,
                "minecraft:jukebox_playable": {
                  "song": "all_the_music:secrets_in_the_forest"
                }
              }
            }
          ]
        }
      },
      "deepest_woods_deepest_night": {
        "trigger": "minecraft:inventory_changed",
        "conditions": {
          "items": [
            {
              "items": "minecraft:music_disc_11",
              "components": {
                "minecraft:custom_model_data": 94,
                "minecraft:jukebox_playable": {
                  "song": "all_the_music:deepest_woods_deepest_night"
                }
              }
            }
          ]
        }
      },
      "the_green_expanse": {
        "trigger": "minecraft:inventory_changed",
        "conditions": {
          "items": [
            {
              "items": "minecraft:music_disc_11",
              "components": {
                "minecraft:custom_model_data": 95,
                "minecraft:jukebox_playable": {
                  "song": "all_the_music:the_green_expanse"
                }
              }
            }
          ]
        }
      },
      "seas_of_stars_and_grass": {
        "trigger": "minecraft:inventory_changed",
        "conditions": {
          "items": [
            {
              "items": "minecraft:music_disc_11",
              "components": {
                "minecraft:custom_model_data": 96,
                "minecraft:jukebox_playable": {
                  "song": "all_the_music:seas_of_stars_and_grass"
                }
              }
            }
          ]
        }
      },
      "deep_in_the_jungle": {
        "trigger": "minecraft:inventory_changed",
        "conditions": {
          "items": [
            {
              "items": "minecraft:music_disc_11",
              "components": {
                "minecraft:custom_model_data": 97,
                "minecraft:jukebox_playable": {
                  "song": "all_the_music:deep_in_the_jungle"
                }
              }
            }
          ]
        }
      },
      "night_among_the_vines": {
        "trigger": "minecraft:inventory_changed",
        "conditions": {
          "items": [
            {
              "items": "minecraft:music_disc_11",
              "components": {
                "minecraft:custom_model_data": 98,
                "minecraft:jukebox_playable": {
                  "song": "all_the_music:night_among_the_vines"
                }
              }
            }
          ]
        }
      },
      "alone_with_the_sky": {
        "trigger": "minecraft:inventory_changed",
        "conditions": {
          "items": [
            {
              "items": "minecraft:music_disc_11",
              "components": {
                "minecraft:custom_model_data": 99,
                "minecraft:jukebox_playable": {
                  "song": "all_the_music:alone_with_the_sky"
                }
              }
            }
          ]
        }
      },
      "jagged_peaks_jagged_darkness": {
        "trigger": "minecraft:inventory_changed",
        "conditions": {
          "items": [
            {
              "items": "minecraft:music_disc_11",
              "components": {
                "minecraft:custom_model_data": 100,
                "minecraft:jukebox_playable": {
                  "song": "all_the_music:jagged_peaks_jagged_darkness"
                }
              }
            }
          ]
        }
      },
      "slow_waters": {
        "trigger": "minecraft:inventory_changed",
        "conditions": {
          "items": [
            {
              "items": "minecraft:music_disc_11",
              "components": {
                "minecraft:custom_model_data": 101,
                "minecraft:jukebox_playable": {
                  "song": "all_the_music:slow_waters"
                }
              }
            }
          ]
        }
      },
      "where_dark_things_grow": {
        "trigger": "minecraft:inventory_changed",
        "conditions": {
          "items": [
            {
              "items": "minecraft:music_disc_11",
              "components": {
                "minecraft:custom_model_data": 102,
                "minecraft:jukebox_playable": {
                  "song": "all_the_music:where_dark_things_grow"
                }
              }
            }
          ]
        }
      },
      "a_dry_heat": {
        "trigger": "minecraft:inventory_changed",
        "conditions": {
          "items": [
            {
              "items": "minecraft:music_disc_11",
              "components": {
                "minecraft:custom_model_data": 103,
                "minecraft:jukebox_playable": {
                  "song": "all_the_music:a_dry_heat"
                }
              }
            }
          ]
        }
      },
      "sand_and_stars": {
        "trigger": "minecraft:inventory_changed",
        "conditions": {
          "items": [
            {
              "items": "minecraft:music_disc_11",
              "components": {
                "minecraft:custom_model_data": 104,
                "minecraft:jukebox_playable": {
                  "song": "all_the_music:sand_and_stars"
                }
              }
            }
          ]
        }
      },
      "blue_ice_white_snow": {
        "trigger": "minecraft:inventory_changed",
        "conditions": {
          "items": [
            {
              "items": "minecraft:music_disc_11",
              "components": {
                "minecraft:custom_model_data": 105,
                "minecraft:jukebox_playable": {
                  "song": "all_the_music:blue_ice_white_snow"
                }
              }
            }
          ]
        }
      },
      "moonlight_on_ice": {
        "trigger": "minecraft:inventory_changed",
        "conditions": {
          "items": [
            {
              "items": "minecraft:music_disc_11",
              "components": {
                "minecraft:custom_model_data": 106,
                "minecraft:jukebox_playable": {
                  "song": "all_the_music:moonlight_on_ice"
                }
              }
            }
          ]
        }
      },
      "targeted": {
        "trigger": "minecraft:inventory_changed",
        "conditions": {
          "items": [
            {
              "items": "minecraft:music_disc_11",
              "components": {
                "minecraft:custom_model_data": 107,
                "minecraft:jukebox_playable": {
                  "song": "all_the_music:targeted"
                }
              }
            }
          ]
        }
      },
      "village_attack": {
        "trigger": "minecraft:inventory_changed",
        "conditions": {
          "items": [
            {
              "items": "minecraft:music_disc_11",
              "components": {
                "minecraft:custom_model_data": 108,
                "minecraft:jukebox_playable": {
                  "song": "all_the_music:village_attack"
                }
              }
            }
          ]
        }
      },
      "bringer_of_night": {
        "trigger": "minecraft:inventory_changed",
        "conditions": {
          "items": [
            {
              "items": "minecraft:music_disc_11",
              "components": {
                "minecraft:custom_model_data": 109,
                "minecraft:jukebox_playable": {
                  "song": "all_the_music:bringer_of_night"
                }
              }
            }
          ]
        }
      },
      "battle_for_daylight": {
        "trigger": "minecraft:inventory_changed",
        "conditions": {
          "items": [
            {
              "items": "minecraft:music_disc_11",
              "components": {
                "minecraft:custom_model_data": 110,
                "minecraft:jukebox_playable": {
                  "song": "all_the_music:battle_for_daylight"
                }
              }
            }
          ]
        }
      },
      "unexpected_allies": {
        "trigger": "minecraft:inventory_changed",
        "conditions": {
          "items": [
            {
              "items": "minecraft:music_disc_11",
              "components": {
                "minecraft:custom_model_data": 111,
                "minecraft:jukebox_playable": {
                  "song": "all_the_music:unexpected_allies"
                }
              }
            }
          ]
        }
      },
      "hunters_in_a_horrendous_hurry": {
        "trigger": "minecraft:inventory_changed",
        "conditions": {
          "items": [
            {
              "items": "minecraft:music_disc_11",
              "components": {
                "minecraft:custom_model_data": 112,
                "minecraft:jukebox_playable": {
                  "song": "all_the_music:hunters_in_a_horrendous_hurry"
                }
              }
            }
          ]
        }
      },
      "the_horde_of_the_hunt": {
        "trigger": "minecraft:inventory_changed",
        "conditions": {
          "items": [
            {
              "items": "minecraft:music_disc_11",
              "components": {
                "minecraft:custom_model_data": 113,
                "minecraft:jukebox_playable": {
                  "song": "all_the_music:the_horde_of_the_hunt"
                }
              }
            }
          ]
        }
      },
      "an_implacable_foe": {
        "trigger": "minecraft:inventory_changed",
        "conditions": {
          "items": [
            {
              "items": "minecraft:music_disc_11",
              "components": {
                "minecraft:custom_model_data": 114,
                "minecraft:jukebox_playable": {
                  "song": "all_the_music:an_implacable_foe"
                }
              }
            }
          ]
        }
      },
      "the_horde_of_the_bastion": {
        "trigger": "minecraft:inventory_changed",
        "conditions": {
          "items": [
            {
              "items": "minecraft:music_disc_11",
              "components": {
                "minecraft:custom_model_data": 115,
                "minecraft:jukebox_playable": {
                  "song": "all_the_music:the_horde_of_the_bastion"
                }
              }
            }
          ]
        }
      },
      "rotten_to_the_core": {
        "trigger": "minecraft:inventory_changed",
        "conditions": {
          "items": [
            {
              "items": "minecraft:music_disc_11",
              "components": {
                "minecraft:custom_model_data": 116,
                "minecraft:jukebox_playable": {
                  "song": "all_the_music:rotten_to_the_core"
                }
              }
            }
          ]
        }
      },
      "the_horde_of_the_spore": {
        "trigger": "minecraft:inventory_changed",
        "conditions": {
          "items": [
            {
              "items": "minecraft:music_disc_11",
              "components": {
                "minecraft:custom_model_data": 117,
                "minecraft:jukebox_playable": {
                  "song": "all_the_music:the_horde_of_the_spore"
                }
              }
            }
          ]
        }
      },
      "anger_takes_root": {
        "trigger": "minecraft:inventory_changed",
        "conditions": {
          "items": [
            {
              "items": "minecraft:music_disc_11",
              "components": {
                "minecraft:custom_model_data": 118,
                "minecraft:jukebox_playable": {
                  "song": "all_the_music:anger_takes_root"
                }
              }
            }
          ]
        }
      },
      "repercussions": {
        "trigger": "minecraft:inventory_changed",
        "conditions": {
          "items": [
            {
              "items": "minecraft:music_disc_11",
              "components": {
                "minecraft:custom_model_data": 119,
                "minecraft:jukebox_playable": {
                  "song": "all_the_music:repercussions"
                }
              }
            }
          ]
        }
      },
      "rise_of_the_vindicators": {
        "trigger": "minecraft:inventory_changed",
        "conditions": {
          "items": [
            {
              "items": "minecraft:music_disc_11",
              "components": {
                "minecraft:custom_model_data": 120,
                "minecraft:jukebox_playable": {
                  "song": "all_the_music:rise_of_the_vindicators"
                }
              }
            }
          ]
        }
      },
      "burly_and_surly": {
        "trigger": "minecraft:inventory_changed",
        "conditions": {
          "items": [
            {
              "items": "minecraft:music_disc_11",
              "components": {
                "minecraft:custom_model_data": 121,
                "minecraft:jukebox_playable": {
                  "song": "all_the_music:burly_and_surly"
                }
              }
            }
          ]
        }
      },
      "commander_of_caustic_corpulence": {
        "trigger": "minecraft:inventory_changed",
        "conditions": {
          "items": [
            {
              "items": "minecraft:music_disc_11",
              "components": {
                "minecraft:custom_model_data": 122,
                "minecraft:jukebox_playable": {
                  "song": "all_the_music:commander_of_caustic_corpulence"
                }
              }
            }
          ]
        }
      },
      "the_darkest_time": {
        "trigger": "minecraft:inventory_changed",
        "conditions": {
          "items": [
            {
              "items": "minecraft:music_disc_11",
              "components": {
                "minecraft:custom_model_data": 123,
                "minecraft:jukebox_playable": {
                  "song": "all_the_music:the_darkest_time"
                }
              }
            }
          ]
        }
      },
      "porcus_humungous": {
        "trigger": "minecraft:inventory_changed",
        "conditions": {
          "items": [
            {
              "items": "minecraft:music_disc_11",
              "components": {
                "minecraft:custom_model_data": 124,
                "minecraft:jukebox_playable": {
                  "song": "all_the_music:porcus_humungous"
                }
              }
            }
          ]
        }
      },
      "friend_or_foe": {
        "trigger": "minecraft:inventory_changed",
        "conditions": {
          "items": [
            {
              "items": "minecraft:music_disc_11",
              "components": {
                "minecraft:custom_model_data": 125,
                "minecraft:jukebox_playable": {
                  "song": "all_the_music:friend_or_foe"
                }
              }
            }
          ]
        }
      },
      "nicely_fought_nicely_won": {
        "trigger": "minecraft:inventory_changed",
        "conditions": {
          "items": [
            {
              "items": "minecraft:music_disc_11",
              "components": {
                "minecraft:custom_model_data": 126,
                "minecraft:jukebox_playable": {
                  "song": "all_the_music:nicely_fought_nicely_won"
                }
              }
            }
          ]
        }
      },
      "defeated": {
        "trigger": "minecraft:inventory_changed",
        "conditions": {
          "items": [
            {
              "items": "minecraft:music_disc_11",
              "components": {
                "minecraft:custom_model_data": 127,
                "minecraft:jukebox_playable": {
                  "song": "all_the_music:defeated"
                }
              }
            }
          ]
        }
      },
      "a_day_long_awaited": {
        "trigger": "minecraft:inventory_changed",
        "conditions": {
          "items": [
            {
              "items": "minecraft:music_disc_11",
              "components": {
                "minecraft:custom_model_data": 128,
                "minecraft:jukebox_playable": {
                  "song": "all_the_music:a_day_long_awaited"
                }
              }
            }
          ]
        }
      },
      "new_worlds_new_adventures": {
        "trigger": "minecraft:inventory_changed",
        "conditions": {
          "items": [
            {
              "items": "minecraft:music_disc_11",
              "components": {
                "minecraft:custom_model_data": 129,
                "minecraft:jukebox_playable": {
                  "song": "all_the_music:new_worlds_new_adventures"
                }
              }
            }
          ]
        }
      }
    },
    "rewards": {
      "function": "all_the_music:reward_9",
      "experience": 100
    }
  }
  