{
    "display": {
      "icon": {
        "id": "minecraft:music_disc_11",
        "count": 1,
        "components": {
          "minecraft:custom_model_data": 126
        }
      },
      "title": "You Did It!",
      "description": "Obtain the Music Disc Nicely Fought, Nicely Won",
      "frame": "task",
      "show_toast": true,
      "announce_to_chat": true,
      "hidden": false
    },
    "parent": "minecraft:minecraft_legends/obtain_friend_or_foe",
    "criteria": {
      "requirement": {
        "trigger": "minecraft:inventory_changed",
        "conditions": {
          "items": [
            {
              "items": "minecraft:music_disc_11",
              "components": {
                "minecraft:custom_model_data": 126,
                "minecraft:jukebox_playable": {"song":"all_the_music:nicely_fought_nicely_won"}
              }
            }
          ]
        }
      }
    }
  }