{
    "display": {
      "icon": {
        "id": "minecraft:music_disc_11",
        "count": 1,
        "components": {
          "minecraft:custom_model_data": 93
        }
      },
      "title": "But What are Those Secrets?",
      "description": "Obtain the Music Disc Secrets in the Forest",
      "frame": "task",
      "show_toast": true,
      "announce_to_chat": true,
      "hidden": false
    },
    "parent": "minecraft:minecraft_legends/obtain_broken_shadows",
    "criteria": {
      "requirement": {
        "trigger": "minecraft:inventory_changed",
        "conditions": {
          "items": [
            {
              "items": "minecraft:music_disc_11",
              "components": {
                "minecraft:custom_model_data": 93,
                "minecraft:jukebox_playable": {"song":"all_the_music:secrets_in_the_forest"}
              }
            }
          ]
        }
      }
    }
  }