{
    "display": {
      "icon": {
        "id": "minecraft:music_disc_11",
        "count": 1,
        "components": {
          "minecraft:custom_model_data": 97
        }
      },
      "title": "In the Mighty Jungle",
      "description": "Obtain the Music Disc Deep in the Jungle",
      "frame": "task",
      "show_toast": true,
      "announce_to_chat": true,
      "hidden": false
    },
    "parent": "minecraft:minecraft_legends/obtain_seas_of_stars_and_grass",
    "criteria": {
      "requirement": {
        "trigger": "minecraft:inventory_changed",
        "conditions": {
          "items": [
            {
              "items": "minecraft:music_disc_11",
              "components": {
                "minecraft:custom_model_data": 97,
                "minecraft:jukebox_playable": {"song":"all_the_music:deep_in_the_jungle"}
              }
            }
          ]
        }
      }
    }
  }