{
    "display": {
      "icon": {
        "id": "minecraft:music_disc_11",
        "count": 1,
        "components": {
          "minecraft:custom_model_data": 111
        }
      },
      "title": "Excitable New Friends",
      "description": "Obtain the Music Disc Unexpected_allies",
      "frame": "task",
      "show_toast": true,
      "announce_to_chat": true,
      "hidden": false
    },
    "parent": "minecraft:minecraft_legends/obtain_battle_for_daylight",
    "criteria": {
      "requirement": {
        "trigger": "minecraft:inventory_changed",
        "conditions": {
          "items": [
            {
              "items": "minecraft:music_disc_11",
              "components": {
                "minecraft:custom_model_data": 111,
                "minecraft:jukebox_playable": {"song":"all_the_music:unexpected_allies"}
              }
            }
          ]
        }
      }
    }
  }