{
    "display": {
      "icon": {
        "id": "minecraft:music_disc_11",
        "count": 1,
        "components": {
          "minecraft:custom_model_data": 110
        }
      },
      "title": "With Light Comes Hope",
      "description": "Obtain the Music Disc Battle for Daylight",
      "frame": "task",
      "show_toast": true,
      "announce_to_chat": true,
      "hidden": false
    },
    "parent": "minecraft:minecraft_legends/obtain_bringer_of_night",
    "criteria": {
      "requirement": {
        "trigger": "minecraft:inventory_changed",
        "conditions": {
          "items": [
            {
              "items": "minecraft:music_disc_11",
              "components": {
                "minecraft:custom_model_data": 110,
                "minecraft:jukebox_playable": {"song":"all_the_music:battle_for_daylight"}
              }
            }
          ]
        }
      }
    }
  }