{
    "display": {
      "icon": {
        "id": "minecraft:music_disc_11",
        "count": 1,
        "components": {
          "minecraft:custom_model_data": 96
        }
      },
      "title": "The Endless Void Above",
      "description": "Obtain the Music Disc Deas of Stars and Grass",
      "frame": "task",
      "show_toast": true,
      "announce_to_chat": true,
      "hidden": false
    },
    "parent": "minecraft:minecraft_legends/obtain_the_green_expanse",
    "criteria": {
      "requirement": {
        "trigger": "minecraft:inventory_changed",
        "conditions": {
          "items": [
            {
              "items": "minecraft:music_disc_11",
              "components": {
                "minecraft:custom_model_data": 96,
                "minecraft:jukebox_playable": {"song":"all_the_music:seas_of_stars_and_grass"}
              }
            }
          ]
        }
      }
    }
  }