{
    "display": {
      "icon": {
        "id": "minecraft:music_disc_11",
        "count": 1,
        "components": {
          "minecraft:custom_model_data": 102
        }
      },
      "title": "Getting Darker",
      "description": "Obtain the Music Disc Where Dark Things Grow",
      "frame": "task",
      "show_toast": true,
      "announce_to_chat": true,
      "hidden": false
    },
    "parent": "minecraft:minecraft_legends/obtain_slow_waters",
    "criteria": {
      "requirement": {
        "trigger": "minecraft:inventory_changed",
        "conditions": {
          "items": [
            {
              "items": "minecraft:music_disc_11",
              "components": {
                "minecraft:custom_model_data": 102,
                "minecraft:jukebox_playable": {"song":"all_the_music:where_dark_things_grow"}
              }
            }
          ]
        }
      }
    }
  }