{
    "display": {
      "icon": {
        "id": "minecraft:music_disc_11",
        "count": 1,
        "components": {
          "minecraft:custom_model_data": 129
        }
      },
      "title": "True Legend",
      "description": "Obtain the Music Disc New Worlds, New Adventures",
      "frame": "task",
      "show_toast": true,
      "announce_to_chat": true,
      "hidden": false
    },
    "parent": "minecraft:minecraft_legends/obtain_a_day_long_awaited",
    "criteria": {
      "requirement": {
        "trigger": "minecraft:inventory_changed",
        "conditions": {
          "items": [
            {
              "items": "minecraft:music_disc_11",
              "components": {
                "minecraft:custom_model_data": 129,
                "minecraft:jukebox_playable": {"song":"all_the_music:new_worlds_new_adventures"}
              }
            }
          ]
        }
      }
    }
  }