{
    "display": {
      "icon": {
        "id": "minecraft:music_disc_11",
        "count": 1,
        "components": {
          "minecraft:custom_model_data": 107
        }
      },
      "title": "I've Got a Bad Feeling About This",
      "description": "Obtain the Music Disc Targeted...",
      "frame": "task",
      "show_toast": true,
      "announce_to_chat": true,
      "hidden": false
    },
    "parent": "minecraft:minecraft_legends/obtain_preparations",
    "criteria": {
      "requirement": {
        "trigger": "minecraft:inventory_changed",
        "conditions": {
          "items": [
            {
              "items": "minecraft:music_disc_11",
              "components": {
                "minecraft:custom_model_data": 107,
                "minecraft:jukebox_playable": {"song":"all_the_music:targeted"}
              }
            }
          ]
        }
      }
    }
  }