{
    "display": {
      "icon": {
        "id": "minecraft:music_disc_11",
        "count": 1,
        "components": {
          "minecraft:custom_model_data": 94
        }
      },
      "title": "Deeper in the Trees",
      "description": "Obtain the Music Disc Deepest Woods, Deepest Night",
      "frame": "task",
      "show_toast": true,
      "announce_to_chat": true,
      "hidden": false
    },
    "parent": "minecraft:minecraft_legends/obtain_secrets_in_the_forest",
    "criteria": {
      "requirement": {
        "trigger": "minecraft:inventory_changed",
        "conditions": {
          "items": [
            {
              "items": "minecraft:music_disc_11",
              "components": {
                "minecraft:custom_model_data": 94,
                "minecraft:jukebox_playable": {"song":"all_the_music:deepest_woods_deepest_night"}
              }
            }
          ]
        }
      }
    }
  }