{
    "display": {
      "icon": {
        "id": "minecraft:music_disc_11",
        "count": 1,
        "components": {
          "minecraft:custom_model_data": 87
        }
      },
      "title": "Can Only Mean One Thing, Invasion",
      "description": "Obtain the Music Disc A Call to Action",
      "frame": "task",
      "show_toast": true,
      "announce_to_chat": true,
      "hidden": false
    },
    "parent": "minecraft:minecraft_legends/obtain_a_time_of_legends",
    "criteria": {
      "requirement": {
        "trigger": "minecraft:inventory_changed",
        "conditions": {
          "items": [
            {
              "items": "minecraft:music_disc_11",
              "components": {
                "minecraft:custom_model_data": 87,
                "minecraft:jukebox_playable": {"song":"all_the_music:a_call_to_action"}
              }
            }
          ]
        }
      }
    }
  }