{
    "display": {
      "icon": {
        "id": "minecraft:music_disc_11",
        "count": 1,
        "components": {
          "minecraft:custom_model_data": 121
        }
      },
      "title": "Broken",
      "description": "Obtain the Music Disc Burly and Surly",
      "frame": "task",
      "show_toast": true,
      "announce_to_chat": true,
      "hidden": false
    },
    "parent": "minecraft:minecraft_legends/obtain_the_horde_of_the_bastion",
    "criteria": {
      "requirement": {
        "trigger": "minecraft:inventory_changed",
        "conditions": {
          "items": [
            {
              "items": "minecraft:music_disc_11",
              "components": {
                "minecraft:custom_model_data": 121,
                "minecraft:jukebox_playable": {"song":"all_the_music:burly_and_surly"}
              }
            }
          ]
        }
      }
    }
  }