{
    "display": {
      "icon": {
        "id": "minecraft:music_disc_11",
        "count": 1,
        "components": {
          "minecraft:custom_model_data": 113
        }
      },
      "title": "Aggressive and Fast",
      "description": "Obtain the Music Disc The Horde of the Hunt",
      "frame": "task",
      "show_toast": true,
      "announce_to_chat": true,
      "hidden": false
    },
    "parent": "minecraft:minecraft_legends/obtain_hunters_in_a_horrendous_hurry",
    "criteria": {
      "requirement": {
        "trigger": "minecraft:inventory_changed",
        "conditions": {
          "items": [
            {
              "items": "minecraft:music_disc_11",
              "components": {
                "minecraft:custom_model_data": 113,
                "minecraft:jukebox_playable": {"song":"all_the_music:the_horde_of_the_hunt"}
              }
            }
          ]
        }
      }
    }
  }