{
    "display": {
      "icon": {
        "id": "minecraft:music_disc_11",
        "count": 1,
        "components": {
          "minecraft:custom_model_data": 95
        }
      },
      "title": "Endless Fields of Green",
      "description": "Obtain the Music Disc The Green Expanse",
      "frame": "task",
      "show_toast": true,
      "announce_to_chat": true,
      "hidden": false
    },
    "parent": "minecraft:minecraft_legends/obtain_deepest_woods_deepest_night",
    "criteria": {
      "requirement": {
        "trigger": "minecraft:inventory_changed",
        "conditions": {
          "items": [
            {
              "items": "minecraft:music_disc_11",
              "components": {
                "minecraft:custom_model_data": 95,
                "minecraft:jukebox_playable": {"song":"all_the_music:the_green_expanse"}
              }
            }
          ]
        }
      }
    }
  }