{
    "display": {
      "icon": {
        "id": "minecraft:music_disc_11",
        "count": 1,
        "components": {
          "minecraft:custom_model_data": 125
        }
      },
      "title": "Where Friends Become Enemies",
      "description": "Obtain the Music Disc Friend or Foe?",
      "frame": "task",
      "show_toast": true,
      "announce_to_chat": true,
      "hidden": false
    },
    "parent": "minecraft:minecraft_legends/root",
    "criteria": {
      "requirement": {
        "trigger": "minecraft:inventory_changed",
        "conditions": {
          "items": [
            {
              "items": "minecraft:music_disc_11",
              "components": {
                "minecraft:custom_model_data": 125,
                "minecraft:jukebox_playable": {"song":"all_the_music:friend_or_foe"}
              }
            }
          ]
        }
      }
    }
  }