{
    "display": {
      "icon": {
        "id": "minecraft:music_disc_11",
        "count": 1,
        "components": {
          "minecraft:custom_model_data": 99
        }
      },
      "title": "Peace and Quiet",
      "description": "Obtain the Music Disc Alone With the Sky",
      "frame": "task",
      "show_toast": true,
      "announce_to_chat": true,
      "hidden": false
    },
    "parent": "minecraft:minecraft_legends/obtain_night_among_the_vines",
    "criteria": {
      "requirement": {
        "trigger": "minecraft:inventory_changed",
        "conditions": {
          "items": [
            {
              "items": "minecraft:music_disc_11",
              "components": {
                "minecraft:custom_model_data": 99,
                "minecraft:jukebox_playable": {"song":"all_the_music:alone_with_the_sky"}
              }
            }
          ]
        }
      }
    }
  }