{
    "display": {
      "icon": {
        "id": "minecraft:music_disc_11",
        "count": 1,
        "components": {
          "minecraft:custom_model_data": 91
        }
      },
      "title": "Not an Easy Travel",
      "description": "Obtain the Music Disc Cliffs and Canyons",
      "frame": "task",
      "show_toast": true,
      "announce_to_chat": true,
      "hidden": false
    },
    "parent": "minecraft:minecraft_legends/obtain_the_well_of_fate",
    "criteria": {
      "requirement": {
        "trigger": "minecraft:inventory_changed",
        "conditions": {
          "items": [
            {
              "items": "minecraft:music_disc_11",
              "components": {
                "minecraft:custom_model_data": 91,
                "minecraft:jukebox_playable": {"song":"all_the_music:cliffs_and_canyons"}
              }
            }
          ]
        }
      }
    }
  }