{
    "display": {
      "icon": {
        "id": "minecraft:music_disc_11",
        "count": 1,
        "components": {
          "minecraft:custom_model_data": 106
        }
      },
      "title": "Aurora Borealis",
      "description": "Obtain the Music Disc Moonlight on Ice",
      "frame": "task",
      "show_toast": true,
      "announce_to_chat": true,
      "hidden": false
    },
    "parent": "minecraft:minecraft_legends/obtain_blue_ice_white_snow",
    "criteria": {
      "requirement": {
        "trigger": "minecraft:inventory_changed",
        "conditions": {
          "items": [
            {
              "items": "minecraft:music_disc_11",
              "components": {
                "minecraft:custom_model_data": 106,
                "minecraft:jukebox_playable": {"song":"all_the_music:moonlight_on_ice"}
              }
            }
          ]
        }
      }
    }
  }