{
    "display": {
      "icon": {
        "id": "minecraft:music_disc_11",
        "count": 1,
        "components": {
          "minecraft:custom_model_data": 100
        }
      },
      "title": "Mountains That Peirce the Sky",
      "description": "Obtain the Music Disc Jagged Peaks, Jagged Darkness",
      "frame": "task",
      "show_toast": true,
      "announce_to_chat": true,
      "hidden": false
    },
    "parent": "minecraft:minecraft_legends/obtain_alone_with_the_sky",
    "criteria": {
      "requirement": {
        "trigger": "minecraft:inventory_changed",
        "conditions": {
          "items": [
            {
              "items": "minecraft:music_disc_11",
              "components": {
                "minecraft:custom_model_data": 100,
                "minecraft:jukebox_playable": {"song":"all_the_music:jagged_peaks_jagged_darkness"}
              }
            }
          ]
        }
      }
    }
  }