{
    "display": {
      "icon": {
        "id": "minecraft:music_disc_11",
        "count": 1,
        "components": {
          "minecraft:custom_model_data": 120
        }
      },
      "title": "Done Sitting on the Sidelines",
      "description": "Obtain the Music Disc Rise of the Vindicators",
      "frame": "task",
      "show_toast": true,
      "announce_to_chat": true,
      "hidden": false
    },
    "parent": "minecraft:minecraft_legends/obtain_repercussions",
    "criteria": {
      "requirement": {
        "trigger": "minecraft:inventory_changed",
        "conditions": {
          "items": [
            {
              "items": "minecraft:music_disc_11",
              "components": {
                "minecraft:custom_model_data": 120,
                "minecraft:jukebox_playable": {"song":"all_the_music:rise_of_the_vindicators"}
              }
            }
          ]
        }
      }
    }
  }