{
    "display": {
      "icon": {
        "id": "minecraft:music_disc_11",
        "count": 1,
        "components": {
          "minecraft:custom_model_data": 98
        }
      },
      "title": "Moonlight Through the Vines",
      "description": "Obtain the Music Disc Night Among the Vines",
      "frame": "task",
      "show_toast": true,
      "announce_to_chat": true,
      "hidden": false
    },
    "parent": "minecraft:minecraft_legends/obtain_deep_in_the_jungle",
    "criteria": {
      "requirement": {
        "trigger": "minecraft:inventory_changed",
        "conditions": {
          "items": [
            {
              "items": "minecraft:music_disc_11",
              "components": {
                "minecraft:custom_model_data": 98,
                "minecraft:jukebox_playable": {"song":"all_the_music:night_among_the_vines"}
              }
            }
          ]
        }
      }
    }
  }