{
    "display": {
      "icon": {
        "id": "minecraft:music_disc_11",
        "count": 1,
        "components": {
          "minecraft:custom_model_data": 127
        }
      },
      "title": "Better Luck Next Time",
      "description": "Obtain the Music Disc Defeated",
      "frame": "task",
      "show_toast": true,
      "announce_to_chat": true,
      "hidden": false
    },
    "parent": "minecraft:minecraft_legends/obtain_nicely_fought_nicely_won",
    "criteria": {
      "requirement": {
        "trigger": "minecraft:inventory_changed",
        "conditions": {
          "items": [
            {
              "items": "minecraft:music_disc_11",
              "components": {
                "minecraft:custom_model_data": 127,
                "minecraft:jukebox_playable": {"song":"all_the_music:defeated"}
              }
            }
          ]
        }
      }
    }
  }