{
    "display": {
      "icon": {
        "id": "minecraft:music_disc_11",
        "count": 1,
        "components": {
          "minecraft:custom_model_data": 116
        }
      },
      "title": "Smells Awful",
      "description": "Obtain the Music Disc Rotten to the Core",
      "frame": "task",
      "show_toast": true,
      "announce_to_chat": true,
      "hidden": false
    },
    "parent": "minecraft:minecraft_legends/root",
    "criteria": {
      "requirement": {
        "trigger": "minecraft:inventory_changed",
        "conditions": {
          "items": [
            {
              "items": "minecraft:music_disc_11",
              "components": {
                "minecraft:custom_model_data": 116,
                "minecraft:jukebox_playable": {"song":"all_the_music:rotten_to_the_core"}
              }
            }
          ]
        }
      }
    }
  }