{
    "display": {
      "icon": {
        "id": "minecraft:music_disc_11",
        "count": 1,
        "components": {
          "minecraft:custom_model_data": 112
        }
      },
      "title": "They Really Want That Hoglin",
      "description": "Obtain the Music Disc Hunters in a Horrendous Hurry",
      "frame": "task",
      "show_toast": true,
      "announce_to_chat": true,
      "hidden": false
    },
    "parent": "minecraft:minecraft_legends/root",
    "criteria": {
      "requirement": {
        "trigger": "minecraft:inventory_changed",
        "conditions": {
          "items": [
            {
              "items": "minecraft:music_disc_11",
              "components": {
                "minecraft:custom_model_data": 112,
                "minecraft:jukebox_playable": {"song":"all_the_music:hunters_in_a_horrendous_hurry"}
              }
            }
          ]
        }
      }
    }
  }