{
    "display": {
      "icon": {
        "id": "minecraft:music_disc_11",
        "count": 1,
        "components": {
          "minecraft:custom_model_data": 122
        }
      },
      "title": "More Than it Could Chew",
      "description": "Obtain the Music Disc Commander of Caustic Corpulence",
      "frame": "task",
      "show_toast": true,
      "announce_to_chat": true,
      "hidden": false
    },
    "parent": "minecraft:minecraft_legends/obtain_the_horde_of_the_spore",
    "criteria": {
      "requirement": {
        "trigger": "minecraft:inventory_changed",
        "conditions": {
          "items": [
            {
              "items": "minecraft:music_disc_11",
              "components": {
                "minecraft:custom_model_data": 122,
                "minecraft:jukebox_playable": {"song":"all_the_music:commander_of_caustic_corpulence"}
              }
            }
          ]
        }
      }
    }
  }