{
    "display": {
      "icon": {
        "id": "minecraft:music_disc_11",
        "count": 1,
        "components": {
          "minecraft:custom_model_data": 104
        }
      },
      "title": "Moonlight Sand",
      "description": "Obtain the Music Disc Sand and Stars",
      "frame": "task",
      "show_toast": true,
      "announce_to_chat": true,
      "hidden": false
    },
    "parent": "minecraft:minecraft_legends/obtain_a_dry_heat",
    "criteria": {
      "requirement": {
        "trigger": "minecraft:inventory_changed",
        "conditions": {
          "items": [
            {
              "items": "minecraft:music_disc_11",
              "components": {
                "minecraft:custom_model_data": 104,
                "minecraft:jukebox_playable": {"song":"all_the_music:sand_and_stars"}
              }
            }
          ]
        }
      }
    }
  }