{
    "display": {
      "icon": {
        "id": "minecraft:knowledge_book",
        "count": 1,
        "components": {
          "minecraft:custom_model_data": 9
        }
      },
      "title": "Minecraft Legends",
      "description": "Songs from a war of legends",
      "background": "minecraft:textures/block/prismarine_bricks.png",
      "frame": "task",
      "show_toast": false,
      "announce_to_chat": false
    },
    "criteria": {
      "requirement": {
        "trigger": "minecraft:inventory_changed",
        "conditions": {
          "items": [
            {
              "items": "minecraft:crafting_table"
            }
          ]
        }
      }
    }
  }
  