{
  "type": "minecraft:chest",
  "pools": [
    {
      "bonus_rolls": 0.0,
      "entries": [
        {
          "type": "minecraft:item",
          "functions": [
            {
              "add": false,
              "count": {
                "type": "minecraft:uniform",
                "max": 3.0,
                "min": 1.0
              },
              "function": "minecraft:set_count"
            }
          ],
          "name": "minecraft:apple",
          "weight": 15
        },
        {
          "type": "minecraft:item",
          "functions": [
            {
              "add": false,
              "count": {
                "type": "minecraft:uniform",
                "max": 4.0,
                "min": 1.0
              },
              "function": "minecraft:set_count"
            }
          ],
          "name": "minecraft:coal",
          "weight": 15
        },
        {
          "type":"minecraft:item",
          "name":"minecraft:music_disc_11",
          "weight":6,
          "functions":[
              {
                  "function": "minecraft:set_components",
                  "components": {
                      "minecraft:custom_model_data": 32
                  }
              },
              {
                  "function":"minecraft:set_components",
                  "components":{
                      "minecraft:jukebox_playable": {"song":"all_the_music:flake"}
                  }
              }
          ]
        },
        {
          "type":"minecraft:item",
          "name":"minecraft:music_disc_11",
          "weight":6,
          "functions":[
              {
                  "function": "minecraft:set_components",
                  "components": {
                      "minecraft:custom_model_data": 105
                  }
              },
              {
                  "function":"minecraft:set_components",
                  "components":{
                      "minecraft:jukebox_playable": {"song":"all_the_music:blue_ice_white_snow"}
                  }
              }
          ]
        },
        {
          "type":"minecraft:item",
          "name":"minecraft:music_disc_11",
          "weight":6,
          "functions":[
              {
                  "function": "minecraft:set_components",
                  "components": {
                      "minecraft:custom_model_data": 106
                  }
              },
              {
                  "function":"minecraft:set_components",
                  "components":{
                      "minecraft:jukebox_playable": {"song":"all_the_music:moonlight_on_ice"}
                  }
              }
          ]
        },
        {
          "type":"minecraft:item",
          "name":"minecraft:music_disc_11",
          "weight":10,
          "functions":[
              {
                  "function": "minecraft:set_components",
                  "components": {
                      "minecraft:custom_model_data": 39
                  }
              },
              {
                  "function":"minecraft:set_components",
                  "components":{
                      "minecraft:jukebox_playable": {"song":"all_the_music:kyoto"}
                  }
              }
          ]
        },
        {
          "type": "minecraft:item",
          "functions": [
            {
              "add": false,
              "count": {
                "type": "minecraft:uniform",
                "max": 3.0,
                "min": 1.0
              },
              "function": "minecraft:set_count"
            }
          ],
          "name": "minecraft:gold_nugget",
          "weight": 10
        },
        {
          "type": "minecraft:item",
          "name": "minecraft:stone_axe",
          "weight": 2
        },
        {
          "type": "minecraft:item",
          "name": "minecraft:rotten_flesh",
          "weight": 10
        },
        {
          "type": "minecraft:item",
          "name": "minecraft:emerald"
        },
        {
          "type": "minecraft:item",
          "functions": [
            {
              "add": false,
              "count": {
                "type": "minecraft:uniform",
                "max": 3.0,
                "min": 2.0
              },
              "function": "minecraft:set_count"
            }
          ],
          "name": "minecraft:wheat",
          "weight": 10
        }
      ],
      "rolls": {
        "type": "minecraft:uniform",
        "max": 8.0,
        "min": 2.0
      }
    },
    {
      "bonus_rolls": 0.0,
      "entries": [
        {
          "type": "minecraft:item",
          "name": "minecraft:golden_apple"
        }
      ],
      "rolls": 1.0
    }
  ],
  "random_sequence": "minecraft:chests/igloo_chest"
}