{
  "type": "minecraft:chest",
  "pools": [
    {
      "bonus_rolls": 0.0,
      "entries": [
        {
          "type": "minecraft:item",
          "name": "minecraft:lead",
          "weight": 20
        },
        {
          "type": "minecraft:item",
          "name": "minecraft:golden_apple",
          "weight": 15
        },
        {
          "type": "minecraft:item",
          "name": "minecraft:enchanted_golden_apple",
          "weight": 2
        },
        {
          "type": "minecraft:item",
          "name": "minecraft:music_disc_13",
          "weight": 15
        },
        {
          "type": "minecraft:item",
          "name": "minecraft:music_disc_cat",
          "weight": 15
        },
        {
          "type":"minecraft:item",
          "name":"minecraft:music_disc_11",
          "weight":15,
          "functions":[
              {
                  "function": "minecraft:set_components",
                  "components": {
                      "minecraft:custom_model_data":15 
                  }
              },
              {
                  "function":"minecraft:set_components",
                  "components":{
                      "minecraft:jukebox_playable": {"song":"all_the_music:blind_spots"}
                  }
              }
          ]
        },
        {
          "type":"minecraft:item",
          "name":"minecraft:music_disc_11",
          "weight":15,
          "functions":[
              {
                  "function": "minecraft:set_components",
                  "components": {
                      "minecraft:custom_model_data": 40
                  }
              },
              {
                  "function":"minecraft:set_components",
                  "components":{
                      "minecraft:jukebox_playable": {"song":"all_the_music:living_mice"}
                  }
              }
          ]
        },
        {
          "type":"minecraft:item",
          "name":"minecraft:music_disc_11",
          "weight":15,
          "functions":[
              {
                  "function": "minecraft:set_components",
                  "components": {
                      "minecraft:custom_model_data": 49
                  }
              },
              {
                  "function":"minecraft:set_components",
                  "components":{
                      "minecraft:jukebox_playable": {"song":"all_the_music:subwoofer_lullaby"}
                  }
              }
          ]
        },
        {
          "type":"minecraft:item",
          "name":"minecraft:music_disc_11",
          "weight":15,
          "functions":[
              {
                  "function": "minecraft:set_components",
                  "components": {
                      "minecraft:custom_model_data":34 
                  }
              },
              {
                  "function":"minecraft:set_components",
                  "components":{
                      "minecraft:jukebox_playable": {"song":"all_the_music:haggstorm"}
                  }
              }
          ]
        },
        {
          "type":"minecraft:item",
          "name":"minecraft:music_disc_11",
          "weight":15,
          "functions":[
              {
                  "function": "minecraft:set_components",
                  "components": {
                      "minecraft:custom_model_data":85 
                  }
              },
              {
                  "function":"minecraft:set_components",
                  "components":{
                      "minecraft:jukebox_playable": {"song":"all_the_music:the_arch_illager"}
                  }
              }
          ]
        },
        {
          "type":"minecraft:item",
          "name":"minecraft:music_disc_11",
          "weight":15,
          "functions":[
              {
                  "function": "minecraft:set_components",
                  "components": {
                      "minecraft:custom_model_data":120 
                  }
              },
              {
                  "function":"minecraft:set_components",
                  "components":{
                      "minecraft:jukebox_playable": {"song":"all_the_music:rise_of_the_vindicators"}
                  }
              }
          ]
        },
        {
          "type": "minecraft:item",
          "name": "minecraft:name_tag",
          "weight": 20
        },
        {
          "type": "minecraft:item",
          "name": "minecraft:chainmail_chestplate",
          "weight": 10
        },
        {
          "type": "minecraft:item",
          "name": "minecraft:diamond_hoe",
          "weight": 15
        },
        {
          "type": "minecraft:item",
          "name": "minecraft:diamond_chestplate",
          "weight": 5
        },
        {
          "type": "minecraft:item",
          "functions": [
            {
              "function": "minecraft:enchant_randomly",
              "options": "#minecraft:on_random_loot"
            }
          ],
          "name": "minecraft:book",
          "weight": 10
        }
      ],
      "rolls": {
        "type": "minecraft:uniform",
        "max": 3.0,
        "min": 1.0
      }
    },
    {
      "bonus_rolls": 0.0,
      "entries": [
        {
          "type": "minecraft:item",
          "functions": [
            {
              "add": false,
              "count": {
                "type": "minecraft:uniform",
                "max": 4.0,
                "min": 1.0
              },
              "function": "minecraft:set_count"
            }
          ],
          "name": "minecraft:iron_ingot",
          "weight": 10
        },
        {
          "type": "minecraft:item",
          "functions": [
            {
              "add": false,
              "count": {
                "type": "minecraft:uniform",
                "max": 4.0,
                "min": 1.0
              },
              "function": "minecraft:set_count"
            }
          ],
          "name": "minecraft:gold_ingot",
          "weight": 5
        },
        {
          "type": "minecraft:item",
          "name": "minecraft:bread",
          "weight": 20
        },
        {
          "type": "minecraft:item",
          "functions": [
            {
              "add": false,
              "count": {
                "type": "minecraft:uniform",
                "max": 4.0,
                "min": 1.0
              },
              "function": "minecraft:set_count"
            }
          ],
          "name": "minecraft:wheat",
          "weight": 20
        },
        {
          "type": "minecraft:item",
          "name": "minecraft:bucket",
          "weight": 10
        },
        {
          "type": "minecraft:item",
          "functions": [
            {
              "add": false,
              "count": {
                "type": "minecraft:uniform",
                "max": 4.0,
                "min": 1.0
              },
              "function": "minecraft:set_count"
            }
          ],
          "name": "minecraft:redstone",
          "weight": 15
        },
        {
          "type": "minecraft:item",
          "functions": [
            {
              "add": false,
              "count": {
                "type": "minecraft:uniform",
                "max": 4.0,
                "min": 1.0
              },
              "function": "minecraft:set_count"
            }
          ],
          "name": "minecraft:coal",
          "weight": 15
        },
        {
          "type": "minecraft:item",
          "functions": [
            {
              "add": false,
              "count": {
                "type": "minecraft:uniform",
                "max": 4.0,
                "min": 2.0
              },
              "function": "minecraft:set_count"
            }
          ],
          "name": "minecraft:melon_seeds",
          "weight": 10
        },
        {
          "type": "minecraft:item",
          "functions": [
            {
              "add": false,
              "count": {
                "type": "minecraft:uniform",
                "max": 4.0,
                "min": 2.0
              },
              "function": "minecraft:set_count"
            }
          ],
          "name": "minecraft:pumpkin_seeds",
          "weight": 10
        },
        {
          "type": "minecraft:item",
          "functions": [
            {
              "add": false,
              "count": {
                "type": "minecraft:uniform",
                "max": 4.0,
                "min": 2.0
              },
              "function": "minecraft:set_count"
            }
          ],
          "name": "minecraft:beetroot_seeds",
          "weight": 10
        }
      ],
      "rolls": {
        "type": "minecraft:uniform",
        "max": 4.0,
        "min": 1.0
      }
    },
    {
      "bonus_rolls": 0.0,
      "entries": [
        {
          "type": "minecraft:item",
          "functions": [
            {
              "add": false,
              "count": {
                "type": "minecraft:uniform",
                "max": 8.0,
                "min": 1.0
              },
              "function": "minecraft:set_count"
            }
          ],
          "name": "minecraft:bone",
          "weight": 10
        },
        {
          "type": "minecraft:item",
          "functions": [
            {
              "add": false,
              "count": {
                "type": "minecraft:uniform",
                "max": 8.0,
                "min": 1.0
              },
              "function": "minecraft:set_count"
            }
          ],
          "name": "minecraft:gunpowder",
          "weight": 10
        },
        {
          "type": "minecraft:item",
          "functions": [
            {
              "add": false,
              "count": {
                "type": "minecraft:uniform",
                "max": 8.0,
                "min": 1.0
              },
              "function": "minecraft:set_count"
            }
          ],
          "name": "minecraft:rotten_flesh",
          "weight": 10
        },
        {
          "type": "minecraft:item",
          "functions": [
            {
              "add": false,
              "count": {
                "type": "minecraft:uniform",
                "max": 8.0,
                "min": 1.0
              },
              "function": "minecraft:set_count"
            }
          ],
          "name": "minecraft:string",
          "weight": 10
        }
      ],
      "rolls": 3.0
    },
    {
      "bonus_rolls": 0.0,
      "entries": [
        {
          "type": "minecraft:empty"
        },
        {
          "type": "minecraft:item",
          "name": "minecraft:vex_armor_trim_smithing_template"
        }
      ],
      "rolls": 1.0
    }
  ],
  "random_sequence": "minecraft:chests/woodland_mansion"
}