{
    "display": {
      "icon": {
        "id": "minecraft:music_disc_11",
        "count": 1,
        "components": {
          "minecraft:custom_model_data": 3
        }
      },
      "title": "I Hate Sand",
      "description": "Obtain the Music Disc Crescent Dunes",
      "frame": "task",
      "show_toast": true,
      "announce_to_chat": true,
      "hidden": false
    },
    "parent": "minecraft:trails_and_tales/obtain_bromeliad",
    "criteria": {
      "requirement": {
        "trigger": "minecraft:inventory_changed",
        "conditions": {
          "items": [
            {
              "items": "minecraft:music_disc_11",
              "components": {
                "minecraft:custom_model_data": 3,
                "minecraft:jukebox_playable": {"song":"all_the_music:crescent_dunes"}
              }
            }
          ]
        }
      }
    }
  }
  