{
    "display": {
      "icon": {
        "id": "minecraft:music_disc_11",
        "count": 1,
        "components": {
          "minecraft:custom_model_data": 1
        }
      },
      "title": "The Room Where it Happened",
      "description": "Obtain the Music Disc A Familiar Room",
      "frame": "task",
      "show_toast": true,
      "announce_to_chat": true,
      "hidden": false
    },
    "parent": "minecraft:trails_and_tales/obtain_echo_in_the_wind",
    "criteria": {
      "requirement": {
        "trigger": "minecraft:inventory_changed",
        "conditions": {
          "items": [
            {
              "items": "minecraft:music_disc_11",
              "components": {
                "minecraft:custom_model_data": 1,
                "minecraft:jukebox_playable": {"song":"all_the_music:a_familiar_room"}
              }
            }
          ]
        }
      }
    }
  }
  