{
    "display": {
      "icon": {
        "id": "minecraft:knowledge_book",
        "components": {
          "minecraft:custom_model_data": 10
        }
      },
      "title": "Minecraft Trails and Tales COMPLETE",
      "description": "Collect Every Music Disc from Minecraft Trails and Tales",
      "frame": "challenge",
      "show_toast": true,
      "announce_to_chat": true,
      "hidden": true
    },
    "parent": "minecraft:trails_and_tales/obtain_relic",
    "criteria": {
      "relic": {
        "trigger": "minecraft:inventory_changed",
        "conditions": {
          "items": [
            {
              "items": "minecraft:music_disc_relic"
            }
          ]
        }
      },
      "a_familiar_room": {
        "trigger": "minecraft:inventory_changed",
        "conditions": {
          "items": [
            {
              "items": "minecraft:music_disc_11",
              "components": {
                "minecraft:custom_model_data": 1,
                "minecraft:jukebox_playable": {
                  "song": "all_the_music:a_familiar_room"
                }
              }
            }
          ]
        }
      },
      "bromeliad": {
        "trigger": "minecraft:inventory_changed",
        "conditions": {
          "items": [
            {
              "items": "minecraft:music_disc_11",
              "components": {
                "minecraft:jukebox_playable": {
                  "song": "all_the_music:bromeliad"
                },
                "minecraft:custom_model_data": 2
              }
            }
          ]
        }
      },
      "crescent_dunes": {
        "trigger": "minecraft:inventory_changed",
        "conditions": {
          "items": [
            {
              "components": {
                "minecraft:custom_model_data": 3,
                "minecraft:jukebox_playable": {
                  "song": "all_the_music:crescent_dunes"
                }
              }
            }
          ]
        }
      },
      "echo_in_the_wind": {
        "trigger": "minecraft:inventory_changed",
        "conditions": {
          "items": [
            {
              "components": {
                "minecraft:custom_model_data": 4,
                "minecraft:jukebox_playable": {
                  "song": "all_the_music:echo_in_the_wind"
                }
              }
            }
          ]
        }
      }
    },
    "rewards": {
      "function": "all_the_music:reward_10",
      "experience": 100
    }
  }
  