{
    "display": {
      "icon": {
        "id": "minecraft:music_disc_11",
        "count": 1,
        "components": {
          "minecraft:custom_model_data": 82
        }
      },
      "title": "Small Fights",
      "description": "Obtain the Music Disc Toys on a Tear",
      "frame": "task",
      "show_toast": true,
      "announce_to_chat": true,
      "hidden": false
    },
    "parent": "minecraft:super_smash_bros_ultimate/obtain_clockwork_crafter_ssbu",
    "criteria": {
      "requirement": {
        "trigger": "minecraft:inventory_changed",
        "conditions": {
          "items": [
            {
              "items": "minecraft:music_disc_11",
              "components": {
                "minecraft:custom_model_data": 82,
                "minecraft:jukebox_playable": {"song":"all_the_music:toys_on_a_tear"}
              }
            }
          ]
        }
      }
    }
  }
  