{
    "display": {
      "icon": {
        "id": "minecraft:music_disc_11",
        "count": 1,
        "components": {
          "minecraft:custom_model_data": 85
        }
      },
      "title": "Ultimate High Treason",
      "description": "Obtain the Music Disc The Arch Illager",
      "frame": "task",
      "show_toast": true,
      "announce_to_chat": true,
      "hidden": false
    },
    "parent": "minecraft:super_smash_bros_ultimate/obtain_glide_ssbu",
    "criteria": {
      "requirement": {
        "trigger": "minecraft:inventory_changed",
        "conditions": {
          "items": [
            {
              "items": "minecraft:music_disc_11",
              "components": {
                "minecraft:custom_model_data": 85,
                "minecraft:jukebox_playable": {"song":"all_the_music:the_arch_illager"}
              }
            }
          ]
        }
      }
    }
  }
  