{
    "display": {
      "icon": {
        "id": "minecraft:music_disc_11",
        "count": 1,
        "components": {
          "minecraft:custom_model_data": 80
        }
      },
      "title": "Sol-3 But Better",
      "description": "Obtain the Music Disc Earth",
      "frame": "task",
      "show_toast": true,
      "announce_to_chat": true,
      "hidden": false
    },
    "parent": "minecraft:super_smash_bros_ultimate/obtain_halland_dalarna",
    "criteria": {
      "requirement": {
        "trigger": "minecraft:inventory_changed",
        "conditions": {
          "items": [
            {
              "items": "minecraft:music_disc_11",
              "components": {
                "minecraft:custom_model_data": 80,
                "minecraft:jukebox_playable": {"song":"all_the_music:earth_ssbu"}
              }
            }
          ]
        }
      }
    }
  }
  