{
    "display": {
      "icon": {
        "id": "minecraft:knowledge_book",
        "components": {
          "minecraft:custom_model_data": 6
        }
      },
      "title": "Super Smash Bros Ultimate COMPLETE",
      "description": "Collect Every Music Disc from Super Smash Bros Ultimate",
      "frame": "challenge",
      "show_toast": true,
      "announce_to_chat": true,
      "hidden": true
    },
    "parent": "minecraft:super_smash_bros_ultimate/obtain_the_arch_illager_ssbu",
    "criteria": {
      "halland_dalarna": {
        "trigger": "minecraft:inventory_changed",
        "conditions": {
          "items": [
            {
              "items": "minecraft:music_disc_11",
              "components": {
                "minecraft:custom_model_data": 79,
                "minecraft:jukebox_playable": {
                  "song": "all_the_music:halland_dalarna"
                }
              }
            }
          ]
        }
      },
      "earth_ssbu": {
        "trigger": "minecraft:inventory_changed",
        "conditions": {
          "items": [
            {
              "items": "minecraft:music_disc_11",
              "components": {
                "minecraft:jukebox_playable": {
                  "song": "all_the_music:earth_ssbu"
                },
                "minecraft:custom_model_data": 80
              }
            }
          ]
        }
      },
      "clockwork_crafter_ssbu": {
        "trigger": "minecraft:inventory_changed",
        "conditions": {
          "items": [
            {
              "components": {
                "minecraft:custom_model_data": 81,
                "minecraft:jukebox_playable": {
                  "song": "all_the_music:clockwork_crafter_ssbu"
                }
              }
            }
          ]
        }
      },
      "toys_on_a_tear": {
        "trigger": "minecraft:inventory_changed",
        "conditions": {
          "items": [
            {
              "components": {
                "minecraft:custom_model_data": 82,
                "minecraft:jukebox_playable": {
                  "song": "all_the_music:toys_on_a_tear"
                }
              }
            }
          ]
        }
      },
      "dance_of_the_blocks": {
        "trigger": "minecraft:inventory_changed",
        "conditions": {
          "items": [
            {
              "components": {
                "minecraft:custom_model_data": 83,
                "minecraft:jukebox_playable": {
                  "song": "all_the_music:dance_of_the_blocks"
                }
              }
            }
          ]
        }
      },
      "glide": {
        "trigger": "minecraft:inventory_changed",
        "conditions": {
          "items": [
            {
              "components": {
                "minecraft:custom_model_data": 84,
                "minecraft:jukebox_playable": {
                  "song": "all_the_music:glide"
                }
              }
            }
          ]
        }
      },
      "the_arch_illager": {
        "trigger": "minecraft:inventory_changed",
        "conditions": {
          "items": [
            {
              "components": {
                "minecraft:custom_model_data": 85,
                "minecraft:jukebox_playable": {
                  "song": "all_the_music:the_arch_illager"
                }
              }
            }
          ]
        }
      }
    },
    "rewards": {
      "function": "all_the_music:reward_6",
      "experience": 100
    }
  }
  