{
  "type": "minecraft:chest",
  "pools": [
    {
      "bonus_rolls": 0.0,
      "entries": [
        {
          "type": "minecraft:item",
          "functions": [
            {
              "add": false,
              "count": {
                "type": "minecraft:uniform",
                "max": 3.0,
                "min": 1.0
              },
              "function": "minecraft:set_count"
            }
          ],
          "name": "minecraft:leather"
        },
        {
          "type": "minecraft:item",
          "name": "minecraft:leather_chestplate",
          "weight": 2
        },
        {
          "type": "minecraft:item",
          "name": "minecraft:leather_boots",
          "weight": 2
        },
        {
          "type": "minecraft:item",
          "name": "minecraft:leather_helmet",
          "weight": 2
        },
        {
          "type": "minecraft:item",
          "functions": [
            {
              "add": false,
              "count": {
                "type": "minecraft:uniform",
                "max": 4.0,
                "min": 1.0
              },
              "function": "minecraft:set_count"
            }
          ],
          "name": "minecraft:bread",
          "weight": 5
        },
        {
          "type": "minecraft:item",
          "name": "minecraft:leather_leggings",
          "weight": 2
        },
        {
          "type": "minecraft:item",
          "name": "minecraft:saddle"
        },
        {
          "type": "minecraft:item",
          "functions": [
            {
              "add": false,
              "count": {
                "type": "minecraft:uniform",
                "max": 4.0,
                "min": 1.0
              },
              "function": "minecraft:set_count"
            }
          ],
          "name": "minecraft:emerald"
        }
      ],
      "rolls": {
        "type": "minecraft:uniform",
        "max": 5.0,
        "min": 1.0
      }
    }
  ],
  "random_sequence": "minecraft:chests/village/village_tannery"
}