{
    "display": {
      "icon": {
        "id": "minecraft:knowledge_book",
        "components": {
          "minecraft:custom_model_data": 7
        }
      },
      "title": "Minecraft Caves and Cliffs COMPLETE",
      "description": "Collect Every Music Disc From Minecraft Caves and Cliffs",
      "frame": "challenge",
      "show_toast": true,
      "announce_to_chat": true,
      "hidden": true
    },
    "parent": "minecraft:caves_and_cliffs/obtain_otherside",
    "criteria": {
      "an_ordinary_day": {
        "trigger": "minecraft:inventory_changed",
        "conditions": {
          "items": [
            {
              "items": "minecraft:music_disc_11",
              "components": {
                "minecraft:custom_model_data": 55,
                "minecraft:jukebox_playable": {
                  "song": "all_the_music:an_ordinary_day"
                }
              }
            }
          ]
        }
      },
      "comforting_memories": {
        "trigger": "minecraft:inventory_changed",
        "conditions": {
          "items": [
            {
              "items": "minecraft:music_disc_11",
              "components": {
                "minecraft:custom_model_data": 56,
                "minecraft:jukebox_playable": {
                  "song": "all_the_music:comforting_memories"
                }
              }
            }
          ]
        }
      },
      "otherside": {
        "trigger": "minecraft:inventory_changed",
        "conditions": {
          "items": [
            {
              "items": "minecraft:music_disc_otherside"
            }
          ]
        }
      },
      "floating_dream": {
        "trigger": "minecraft:inventory_changed",
        "conditions": {
          "items": [
            {
              "items": "minecraft:music_disc_11",
              "components": {
                "minecraft:custom_model_data": 57,
                "minecraft:jukebox_playable": {
                  "song": "all_the_music:floating_dream"
                }
              }
            }
          ]
        }
      },
      "ancestry": {
        "trigger": "minecraft:inventory_changed",
        "conditions": {
          "items": [
            {
              "items": "minecraft:music_disc_11",
              "components": {
                "minecraft:custom_model_data": 62,
                "minecraft:jukebox_playable": {
                  "song": "all_the_music:ancestry"
                }
              }
            }
          ]
        }
      },
      "stand_tall": {
        "trigger": "minecraft:inventory_changed",
        "conditions": {
          "items": [
            {
              "items": "minecraft:music_disc_11",
              "components": {
                "minecraft:custom_model_data": 74,
                "minecraft:jukebox_playable": {
                  "song": "all_the_music:stand_tall"
                }
              }
            }
          ]
        }
      },
      "wending": {
        "trigger": "minecraft:inventory_changed",
        "conditions": {
          "items": [
            {
              "items": "minecraft:music_disc_11",
              "components": {
                "minecraft:custom_model_data": 75,
                "minecraft:jukebox_playable": {
                  "song": "all_the_music:wending"
                }
              }
            }
          ]
        }
      },
      "infinite_amethyst": {
        "trigger": "minecraft:inventory_changed",
        "conditions": {
          "items": [
            {
              "items": "minecraft:music_disc_11",
              "components": {
                "minecraft:custom_model_data": 68,
                "minecraft:jukebox_playable": {
                  "song": "all_the_music:infinite_amethyst"
                }
              }
            }
          ]
        }
      },
      "left_to_bloom": {
        "trigger": "minecraft:inventory_changed",
        "conditions": {
          "items": [
            {
              "items": "minecraft:music_disc_11",
              "components": {
                "minecraft:custom_model_data": 70,
                "minecraft:jukebox_playable": {
                  "song": "all_the_music:left_to_bloom"
                }
              }
            }
          ]
        }
      },
      "one_more_day": {
        "trigger": "minecraft:inventory_changed",
        "conditions": {
          "items": [
            {
              "items": "minecraft:music_disc_11",
              "components": {
                "minecraft:custom_model_data": 71,
                "minecraft:jukebox_playable": {
                  "song": "all_the_music:one_more_day"
                }
              }
            }
          ]
        }
      }
    },
    "rewards": {
      "function": "all_the_music:reward_7",
      "experience": 100
    }
  }
  