{
    "display": {
      "icon": {
        "id": "minecraft:music_disc_11",
        "count": 1,
        "components": {
          "minecraft:custom_model_data": 55
        }
      },
      "title": "Nothing Ordinary About Today",
      "description": "Obtain the Music Disc An Ordinary Day",
      "frame": "task",
      "show_toast": true,
      "announce_to_chat": true,
      "hidden": false
    },
    "parent": "minecraft:caves_and_cliffs/obtain_comforting_memories",
    "criteria": {
      "requirement": {
        "trigger": "minecraft:inventory_changed",
        "conditions": {
          "items": [
            {
              "items": "minecraft:music_disc_11",
              "components": {
                "minecraft:custom_model_data": 55,
                "minecraft:jukebox_playable": {"song":"all_the_music:an_ordinary_day"}
              }
            }
          ]
        }
      }
    }
  }
  