{
    "display": {
      "icon": {
        "id": "minecraft:music_disc_11",
        "count": 1,
        "components": {
          "minecraft:custom_model_data": 62
        }
      },
      "title": "Songs of Long Past",
      "description": "Obtain the Music Disc Ancestry",
      "frame": "task",
      "show_toast": true,
      "announce_to_chat": true,
      "hidden": false
    },
    "parent": "minecraft:caves_and_cliffs/obtain_left_to_bloom",
    "criteria": {
      "requirement": {
        "trigger": "minecraft:inventory_changed",
        "conditions": {
          "items": [
            {
              "items": "minecraft:music_disc_11",
              "components": {
                "minecraft:custom_model_data": 62,
                "minecraft:jukebox_playable": {"song":"all_the_music:ancestry"}
              }
            }
          ]
        }
      }
    }
  }
  