{
    "display": {
      "icon": {
        "id": "minecraft:music_disc_11",
        "count": 1,
        "components": {
          "minecraft:custom_model_data": 56
        }
      },
      "title": "Nostalgia Hits Like a Train",
      "description": "Obtain the Music Disc Comforting Memories",
      "frame": "task",
      "show_toast": true,
      "announce_to_chat": true,
      "hidden": false
    },
    "parent": "minecraft:caves_and_cliffs/obtain_floating_dream",
    "criteria": {
      "requirement": {
        "trigger": "minecraft:inventory_changed",
        "conditions": {
          "items": [
            {
              "items": "minecraft:music_disc_11",
              "components": {
                "minecraft:custom_model_data": 56,
                "minecraft:jukebox_playable": {"song":"all_the_music:comforting_memories"}
              }
            }
          ]
        }
      }
    }
  }
  