{
    "display": {
      "icon": {
        "id": "minecraft:music_disc_otherside",
        "count": 1
      },
      "title": "I'll Take You to the otherside",
      "description": "Obtain the Music Disc otherside",
      "frame": "task",
      "show_toast": true,
      "announce_to_chat": true,
      "hidden": false
    },
    "parent": "minecraft:caves_and_cliffs/root",
    "criteria": {
      "requirement": {
        "trigger": "minecraft:inventory_changed",
        "conditions": {
          "items": [
            {
              "items": "minecraft:music_disc_otherside"
            }
          ]
        }
      }
    }
  }
  