{
    "display": {
      "icon": {
        "id": "minecraft:music_disc_11",
        "count": 1,
        "components": {
          "minecraft:custom_model_data": 70
        }
      },
      "title": "The World Has Changed",
      "description": "Obtain the Music Disc Left to Bloom",
      "frame": "task",
      "show_toast": true,
      "announce_to_chat": true,
      "hidden": false
    },
    "parent": "minecraft:caves_and_cliffs/obtain_stand_tall",
    "criteria": {
      "requirement": {
        "trigger": "minecraft:inventory_changed",
        "conditions": {
          "items": [
            {
              "items": "minecraft:music_disc_11",
              "components": {
                "minecraft:custom_model_data": 70,
                "minecraft:jukebox_playable": {"song":"all_the_music:left_to_bloom"}
              }
            }
          ]
        }
      }
    }
  }
  