{
    "display": {
      "icon": {
        "id": "minecraft:music_disc_5",
        "count": 1
      },
      "title": "Minecraft Dungeons Refrenced",
      "description": "Craft the Music Disc 5 from 9 Disc Fragments",
      "frame": "task",
      "show_toast": true,
      "announce_to_chat": true,
      "hidden": false
    },
    "parent": "minecraft:wild_update/root",
    "criteria": {
      "requirement": {
        "trigger": "minecraft:inventory_changed",
        "conditions": {
          "items": [
            {
              "items": "minecraft:music_disc_5"
            }
          ]
        }
      }
    }
  }
  