{
    "display": {
      "icon": {
        "id": "minecraft:knowledge_book",
        "components": {
          "minecraft:custom_model_data": 8
        }
      },
      "title": "Minecraft The Wild Update COMPLETE",
      "description": "Collect Every Music Disc from Minecraft The Wild Update",
      "frame": "challenge",
      "show_toast": true,
      "announce_to_chat": true,
      "hidden": true
    },
    "parent": "minecraft:wild_update/obtain_5",
    "criteria": {
      "5": {
        "trigger": "minecraft:inventory_changed",
        "conditions": {
          "items": [
            {
              "items": "minecraft:music_disc_5"
            }
          ]
        }
      },
      "firebugs": {
        "trigger": "minecraft:inventory_changed",
        "conditions": {
          "items": [
            {
              "items": "minecraft:music_disc_11",
              "components": {
                "minecraft:custom_model_data": 67,
                "minecraft:jukebox_playable": {
                  "song": "all_the_music:firebugs"
                }
              }
            }
          ]
        }
      },
      "aerie": {
        "trigger": "minecraft:inventory_changed",
        "conditions": {
          "items": [
            {
              "items": "minecraft:music_disc_11",
              "components": {
                "minecraft:jukebox_playable": {
                  "song": "all_the_music:aerie"
                },
                "minecraft:custom_model_data": 61
              }
            }
          ]
        }
      },
      "labyrinthine": {
        "trigger": "minecraft:inventory_changed",
        "conditions": {
          "items": [
            {
              "components": {
                "minecraft:custom_model_data": 69,
                "minecraft:jukebox_playable": {
                  "song": "all_the_music:labyrinthine"
                }
              }
            }
          ]
        }
      }
    },
    "rewards": {
      "function": "all_the_music:reward_8",
      "experience": 100
    }
  }
  