{
    "display": {
      "icon": {
        "id": "minecraft:knowledge_book",
        "components": {
          "minecraft:custom_model_data": 5
        }
      },
      "title": "Minecraft Nether Update COMPLETE",
      "description": "Collect Every Music Disc from Minecraft Nether Update",
      "frame": "challenge",
      "show_toast": true,
      "announce_to_chat": true,
      "hidden": true
    },
    "parent": "minecraft:nether_update/obtain_pigstep",
    "criteria": {
      "pigstep": {
        "trigger": "minecraft:inventory_changed",
        "conditions": {
          "items": [
            {
              "items": "minecraft:music_disc_pigstep"
            }
          ]
        }
      },
      "chrysopoeia": {
        "trigger": "minecraft:inventory_changed",
        "conditions": {
          "items": [
            {
              "items": "minecraft:music_disc_11",
              "components": {
                "minecraft:custom_model_data": 63,
                "minecraft:jukebox_playable": {
                  "song": "all_the_music:chrysopoeia"
                }
              }
            }
          ]
        }
      },
      "rubedo": {
        "trigger": "minecraft:inventory_changed",
        "conditions": {
          "items": [
            {
              "items": "minecraft:music_disc_11",
              "components": {
                "minecraft:jukebox_playable": {
                  "song": "all_the_music:rubedo"
                },
                "minecraft:custom_model_data": 72
              }
            }
          ]
        }
      },
      "so_below": {
        "trigger": "minecraft:inventory_changed",
        "conditions": {
          "items": [
            {
              "components": {
                "minecraft:custom_model_data": 73,
                "minecraft:jukebox_playable": {
                  "song": "all_the_music:so_below"
                }
              }
            }
          ]
        }
      }
    },
    "rewards": {
      "function": "all_the_music:reward_5",
      "experience": 100
    }
  }
  