{
    "display": {
      "icon": {
        "id": "minecraft:music_disc_pigstep",
        "count": 1
      },
      "title": "So This Is Why The Nether Is On Fire",
      "description": "Obtain the Music Disc Pigstep",
      "frame": "task",
      "show_toast": true,
      "announce_to_chat": true,
      "hidden": false
    },
    "parent": "minecraft:nether_update/root",
    "criteria": {
      "requirement": {
        "trigger": "minecraft:inventory_changed",
        "conditions": {
          "items": [
            {
              "items": "minecraft:music_disc_pigstep"
            }
          ]
        }
      }
    }
  }
  